AccX [mg],AccY,AccZ,Ground Truth
1371,315,398,0
1289,264,480,0
1126,344,404,0
1031,253,381,0
891,59,511,0
892,7,565,0
804,60,585,0
724,213,580,0
883,410,601,0
968,476,560,0
1216,503,521,0
1883,453,457,0
1919,166,203,0
1550,184,247,0
1309,140,209,0
1138,188,136,0
977,195,67,0
749,7,61,0
630,-43,101,0
655,-55,51,0
663,-37,-20,0
750,22,-1,0
731,48,74,0
871,124,151,0
1203,140,253,0
1351,128,345,0
1841,196,288,0
1553,258,354,0
1178,301,460,0
1038,88,473,0
1041,-7,488,0
939,36,548,0
845,140,529,0
837,313,510,0
949,502,434,0
1171,711,416,0
1719,706,444,0
1804,257,284,0
1930,19,126,0
1623,17,68,0
1287,88,116,0
1080,120,92,0
843,132,62,0
738,124,86,0
768,8,25,0
610,-76,-34,0
597,-9,-1,0
677,13,86,0
650,82,174,0
1022,119,172,0
1408,52,214,0
1743,116,174,0
1820,253,176,0
1539,415,338,0
1251,436,359,0
1053,300,337,0
1072,113,436,0
1082,113,527,0
950,305,511,0
963,525,467,0
1176,707,516,0
1826,812,508,0
1855,304,166,0
1966,48,-77,0
1667,-93,-69,0
1224,2,88,0
1030,184,119,0
834,250,53,0
797,186,-4,0
749,82,-61,0
710,12,-55,0
849,-31,-50,0
899,-40,-35,0
1185,52,-16,0
1212,93,165,0
1528,274,267,0
1454,268,322,0
1077,220,261,0
905,257,305,0
1030,298,463,0
1110,457,760,0
970,415,746,0
865,175,589,0
952,175,507,0
1233,432,404,0
1917,715,389,0
1934,543,188,0
1875,149,86,0
1234,119,80,0
1143,259,68,0
1008,338,103,0
876,221,75,0
662,-92,3,0
575,-109,19,0
781,-37,-15,0
803,-50,-35,0
801,29,38,0
729,138,146,0
1164,271,140,0
1402,349,55,0
1685,622,-73,0
1430,1097,25,0
864,1101,102,0
514,1306,446,0
217,722,534,0
245,341,527,0
461,412,457,0
613,756,426,0
784,754,443,0
1286,625,352,0
1934,913,193,0
1975,1014,88,0
1844,587,-151,0
1216,289,-48,0
1002,376,42,0
760,293,107,0
570,226,31,0
491,124,-8,0
618,67,-26,0
637,11,-52,0
727,41,-72,0
898,170,-18,0
1138,256,55,0
1074,305,224,0
1496,425,225,0
1564,464,265,0
1195,535,361,0
983,332,292,0
1063,-19,445,0
962,48,654,0
712,231,798,0
790,282,707,0
997,430,626,0
1162,553,571,0
1860,540,389,0
1942,305,-38,0
1960,346,-72,0
1612,236,-4,0
1265,221,-69,0
1063,315,-104,0
825,327,-28,0
739,136,-3,0
633,-31,-1,0
554,-95,-33,0
503,-76,-40,0
493,0,30,0
819,166,120,0
1324,326,294,0
1633,373,356,0
1881,424,155,0
1511,506,185,0
1178,363,172,0
1081,53,116,0
1029,15,164,0
949,202,208,0
838,394,167,0
899,659,155,0
1018,862,229,0
1523,1220,516,0
1600,958,369,0
1871,288,132,0
1906,-38,-42,0
1601,-88,-71,0
1359,-84,20,0
948,26,190,0
840,172,202,0
733,51,29,0
624,-55,-59,0
655,-50,-90,0
548,-5,-44,0
535,177,125,0
1069,373,188,0
1474,386,282,0
1880,325,219,0
1593,417,188,0
1161,484,363,0
1097,341,434,0
940,99,327,0
808,311,487,0
732,578,610,0
946,817,562,0
1208,1052,559,0
1833,976,436,0
1973,262,73,0
1979,212,103,0
1853,148,95,0
1503,179,50,0
1123,179,15,0
770,99,45,0
677,20,59,0
560,-97,-6,0
367,-106,14,0
359,-24,56,0
399,70,74,0
561,260,138,0
1080,545,214,0
1776,764,321,0
1681,1107,239,0
1176,905,461,0
759,727,665,0
571,669,665,0
539,674,665,0
395,857,486,0
353,567,407,0
341,630,391,0
512,711,389,0
993,981,528,0
1958,1154,175,0
1884,632,-79,0
1732,657,9,0
1254,508,141,0
974,338,114,0
650,206,69,0
430,-2,36,0
283,-129,38,0
215,-83,62,0
239,-45,53,0
289,47,48,0
455,106,46,0
722,172,64,0
1578,227,-89,0
1998,798,66,0
1997,1163,496,0
1256,844,400,0
743,473,160,0
720,8,190,0
601,-204,256,0
469,54,295,0
420,393,355,0
449,628,387,0
688,684,343,0
1367,876,333,0
1967,1021,202,0
1690,486,44,0
1847,112,-88,0
1515,58,-113,0
1254,87,9,0
940,34,143,0
661,118,192,0
591,102,117,0
528,-66,18,0
409,-76,-27,0
462,-2,-11,0
482,126,104,0
699,246,212,0
1214,382,226,0
1863,426,144,0
1933,535,203,0
1411,647,480,0
1012,364,387,0
818,-68,276,0
708,21,373,0
731,200,442,0
812,481,326,0
1008,767,304,0
1042,888,374,0
1573,957,449,0
1982,614,7,0
1967,199,-220,0
1502,68,-25,0
1113,19,126,0
918,173,96,0
763,231,36,0
681,179,14,0
573,35,5,0
470,-38,-53,0
452,9,-67,0
547,124,27,0
794,180,115,0
1387,371,166,0
1828,388,144,0
1888,695,43,0
1165,418,132,0
930,312,214,0
849,323,242,0
821,330,259,0
842,367,262,0
1010,500,376,0
1232,629,497,0
1803,725,549,0
1495,324,121,0
1732,114,-21,0
1466,113,40,0
1206,115,29,0
885,183,39,0
828,172,69,0
696,46,5,0
456,-41,2,0
454,-1,-14,0
466,76,14,0
523,210,103,0
704,305,198,0
1106,299,209,0
1717,369,182,0
1953,426,143,0
1357,386,230,0
859,233,226,0
729,68,207,0
678,188,310,0
790,251,413,0
846,303,403,0
913,421,309,0
1081,536,350,0
1516,698,558,0
1776,506,309,0
1812,294,43,0
1797,146,-18,0
1352,30,-16,0
1130,99,32,0
821,176,104,0
701,230,122,0
739,121,29,0
573,-39,-76,0
405,-17,-60,0
458,45,10,0
497,122,113,0
699,228,169,0
1064,413,103,0
1601,828,-10,0
1850,1395,-171,0
1027,1094,-21,0
732,376,166,0
685,138,287,0
648,320,274,0
641,477,363,0
710,541,310,0
917,560,261,0
1078,486,239,0
1645,584,255,0
1641,518,255,0
1245,361,204,0
1370,271,23,0
1110,282,1,0
966,247,46,0
739,169,122,0
599,156,116,0
500,144,58,0
442,116,15,0
430,92,19,0
528,111,26,0
608,126,60,0
719,126,87,0
1516,216,18,0
1599,283,211,0
1981,547,279,0
1784,483,207,0
1062,426,197,0
931,132,206,0
972,-18,387,0
880,94,552,0
759,170,620,0
697,252,467,0
940,366,297,0
920,516,302,0
1333,706,392,0
1986,695,157,0
1993,288,-152,0
1680,76,-124,0
1348,0,-71,0
1048,180,34,0
835,269,84,0
802,89,54,0
712,-105,-61,0
481,-143,-85,0
405,-31,-31,0
431,165,85,0
743,251,138,0
1095,246,171,0
1576,356,204,0
1995,495,122,0
1563,469,178,0
1023,198,200,0
874,0,286,0
991,138,326,0
890,364,395,0
905,552,365,0
1057,675,325,0
1043,677,368,0
1112,672,425,0
1410,584,384,0
1563,448,92,0
1935,225,-135,0
1584,105,13,0
1250,73,106,0
953,168,96,0
707,192,59,0
564,153,34,0
439,77,51,0
437,83,90,0
553,155,92,0
730,205,95,0
942,183,129,0
1274,213,160,0
1408,251,261,0
1905,279,117,0
1588,469,228,0
961,169,219,0
821,26,251,0
738,330,351,0
732,511,406,0
847,441,346,0
1005,353,233,0
1068,354,267,0
1111,478,339,0
1354,632,359,0
1249,554,217,0
1603,395,22,0
1424,160,12,0
1160,59,30,0
973,61,33,0
727,141,145,0
786,229,182,0
713,121,46,0
653,66,4,0
710,96,81,0
777,155,166,0
963,190,177,0
1212,215,188,0
1469,230,210,0
1783,289,98,0
1204,276,170,0
750,243,219,0
602,122,224,0
653,218,263,0
747,286,337,0
892,315,365,0
1092,291,354,0
1300,321,260,0
1341,517,302,0
1221,620,408,0
1105,625,378,0
1654,500,97,0
1638,198,-7,0
1249,40,43,0
1030,32,55,0
766,147,101,0
666,267,119,0
709,194,40,0
607,58,-9,0
600,54,2,0
675,114,63,0
832,172,130,0
1199,285,146,0
1322,346,240,0
1718,395,221,0
1698,342,134,0
1020,198,175,0
695,-16,220,0
650,45,295,0
774,259,361,0
893,349,351,0
895,387,324,0
1081,363,276,0
1198,467,320,0
1349,663,492,0
1373,604,410,0
1610,359,51,0
1552,199,12,0
1323,8,2,0
1064,6,4,0
858,85,73,0
698,220,153,0
672,223,85,0
625,131,1,0
677,107,5,0
762,138,44,0
824,161,122,0
1071,197,143,0
1155,238,223,0
1488,283,174,0
1570,308,116,0
1082,254,182,0
866,97,220,0
758,85,283,0
816,237,364,0
884,294,408,0
939,338,402,0
1091,362,418,0
1252,390,366,0
1333,504,443,0
1395,476,455,0
1761,306,71,0
1589,152,-43,0
1202,81,-2,0
992,86,55,0
799,195,144,0
744,225,117,0
703,160,15,0
677,84,-45,0
632,86,-27,0
621,174,61,0
681,305,166,0
851,436,235,0
987,390,293,0
1282,307,279,0
1711,270,187,0
1261,203,216,0
922,180,287,0
811,162,318,0
748,244,340,0
765,296,381,0
863,297,386,0
968,301,331,0
1199,341,296,0
1324,361,325,0
1132,412,339,0
1455,552,469,0
1564,513,348,0
1707,250,-30,0
1630,11,-104,0
1330,-135,-69,0
971,-34,-38,0
707,190,59,0
563,269,97,0
541,215,21,0
513,104,-44,0
447,92,-8,0
547,157,46,0
685,215,93,0
909,275,152,0
1157,307,220,0
1454,372,305,0
1822,332,245,0
1484,86,232,0
963,-130,375,0
831,-249,485,0
757,-41,516,0
763,278,573,0
850,464,573,0
925,473,439,0
1143,450,391,0
1258,384,414,0
1330,353,347,0
1371,367,166,0
1731,349,-88,0
1503,239,-83,0
1158,183,8,0
864,191,97,0
701,242,131,0
656,233,113,0
657,139,68,0
677,58,38,0
696,47,71,0
832,95,114,0
916,110,154,0
1197,201,212,0
1295,295,383,0
1574,334,360,0
1540,204,142,0
1052,45,120,0
785,-23,231,0
682,100,353,0
760,315,397,0
807,427,376,0
824,429,338,0
947,384,305,0
1138,416,324,0
1347,499,355,0
1441,565,481,0
1657,408,138,0
1744,224,-35,0
1394,140,62,0
1209,78,110,0
944,127,140,0
725,159,106,0
574,115,75,0
480,41,72,0
545,45,80,0
652,56,78,0
764,103,96,0
921,142,162,0
1244,201,205,0
1461,238,223,0
1746,261,188,0
1814,244,55,0
1232,270,77,0
906,181,184,0
712,327,427,0
846,458,385,0
912,440,261,0
976,532,278,0
966,587,323,0
1122,632,349,0
1409,719,292,0
1887,615,-7,0
1744,284,-38,0
1392,85,-4,0
1263,44,-4,0
1014,154,92,0
925,248,109,0
867,169,55,0
768,26,-4,0
687,-12,-15,0
731,45,24,0
768,121,81,0
915,168,120,0
1031,220,203,0
1489,320,255,0
1772,390,194,0
1341,362,174,0
1039,88,163,0
942,81,228,0
946,257,325,0
1009,302,301,0
928,443,282,0
979,606,297,0
1012,681,338,0
1120,719,477,0
1385,722,463,0
1921,319,-61,0
1725,61,-163,0
1474,-44,-59,0
1352,-63,-42,0
993,165,45,0
978,332,59,0
903,259,-22,0
767,121,-82,0
644,71,-58,0
596,94,33,0
765,148,86,0
888,151,118,0
1152,185,151,0
1605,255,108,0
1475,308,187,0
1017,290,326,0
775,68,370,0
847,53,403,0
1034,112,436,0
1124,184,465,0
1152,245,397,0
1253,342,330,0
1189,480,362,0
1049,562,468,0
1251,600,362,0
1774,388,38,0
1444,174,8,0
1244,61,7,0
1036,46,30,0
906,171,77,0
871,264,72,0
805,214,33,0
822,126,-23,0
755,101,-3,0
740,111,52,0
742,154,124,0
911,217,171,0
1089,204,237,0
1441,210,181,0
1478,188,162,0
1102,169,185,0
893,57,186,0
769,191,290,0
839,364,448,0
954,325,460,0
1071,289,394,0
1230,259,374,0
1191,330,348,0
1235,441,422,0
1225,508,404,0
1652,409,90,0
1514,236,27,0
1209,130,87,0
1074,92,102,0
885,161,73,0
777,242,51,0
862,226,31,0
829,132,-9,0
814,125,-4,0
785,132,39,0
786,167,95,0
923,200,118,0
1109,222,159,0
1383,259,173,0
1328,229,192,0
939,286,280,0
812,221,303,0
817,145,332,0
835,139,402,0
936,117,436,0
1106,167,407,0
1292,261,375,0
1257,379,356,0
1386,521,416,0
1156,574,471,0
1437,475,213,0
1440,263,63,0
1175,137,64,0
1041,78,72,0
879,111,78,0
801,214,71,0
815,240,44,0
826,176,-16,0
857,127,-44,0
896,137,0,0
904,187,76,0
995,239,123,0
981,241,196,0
1171,244,233,0
1304,217,239,0
1027,157,291,0
780,85,350,0
782,27,415,0
854,113,443,0
925,163,429,0
1047,186,352,0
1154,274,263,0
1155,388,270,0
1217,503,359,0
1156,578,408,0
1327,560,225,0
1514,356,67,0
1202,167,80,0
1104,65,48,0
956,76,25,0
838,184,71,0
811,253,109,0
839,209,48,0
859,152,19,0
918,167,64,0
968,171,99,0
1019,201,130,0
1046,193,179,0
1166,206,161,0
1242,215,167,0
971,213,206,0
781,160,193,0
684,127,186,0
669,215,225,0
737,296,312,0
860,332,384,0
971,322,408,0
1102,315,410,0
1191,293,379,0
1219,320,334,0
1367,384,390,0
1246,380,345,0
1401,344,183,0
1297,264,121,0
1199,181,84,0
1037,140,86,0
878,135,114,0
785,146,45,0
763,163,5,0
902,181,-23,0
978,220,15,0
1018,194,42,0
1072,168,12,0
885,186,87,0
1059,311,181,0
1065,298,237,0
932,288,278,0
698,177,325,0
622,39,369,0
653,38,441,0
789,53,486,0
995,86,491,0
1204,116,468,0
1356,188,413,0
1417,304,396,0
1424,416,493,0
1382,411,325,0
1545,266,54,0
1284,163,12,0
1018,98,25,0
821,125,37,0
659,222,78,0
631,295,88,0
636,248,26,0
665,160,-25,0
753,157,10,0
913,188,67,0
959,200,130,0
1053,231,187,0
1091,237,251,0
1183,238,250,0
1461,193,189,0
1112,137,298,0
861,109,379,0
785,94,406,0
740,177,443,0
722,240,478,0
829,204,438,0
1048,227,443,0
1320,249,398,0
1279,305,330,0
1339,366,379,0
1228,385,381,0
1443,301,107,0
1404,169,-3,0
1037,133,42,0
864,130,58,0
731,166,58,0
628,247,62,0
677,256,56,0
734,177,21,0
754,138,22,0
907,152,72,0
976,166,141,0
994,188,182,0
1129,202,231,0
1266,190,251,0
1444,168,225,0
1247,168,274,0
926,196,375,0
806,88,407,0
679,80,412,0
676,183,473,0
794,249,481,0
1021,293,400,0
1312,316,287,0
1241,399,324,0
1273,428,445,0
1310,426,285,0
1681,376,-5,0
1411,213,30,0
1162,118,52,0
1014,106,44,0
841,183,89,0
780,238,99,0
705,145,50,0
671,49,27,0
697,69,71,0
765,118,120,0
818,128,180,0
1007,132,218,0
1342,172,205,0
1683,215,162,0
1593,211,188,0
1057,227,262,0
873,160,195,0
778,225,175,0
763,355,319,0
822,391,413,0
897,369,336,0
1109,367,310,0
1154,443,360,0
1125,523,402,0
1105,493,453,0
1541,422,195,0
1765,224,-54,0
1464,76,5,0
1243,11,68,0
1078,85,54,0
901,238,84,0
801,252,89,0
721,122,4,0
653,53,-1,0
659,87,57,0
709,147,119,0
858,184,159,0
1001,227,200,0
1166,231,206,0
1679,314,131,0
1436,294,185,0
990,173,278,0
833,-12,318,0
846,72,380,0
845,225,449,0
887,308,437,0
1040,366,384,0
1174,388,335,0
1188,448,342,0
1268,462,419,0
1241,459,351,0
1526,388,93,0
1529,214,64,0
1281,68,60,0
1086,43,-1,0
856,100,18,0
716,210,113,0
709,236,112,0
646,131,17,0
610,102,20,0
638,126,79,0
751,163,111,0
1042,232,131,0
1218,292,214,0
1478,370,253,0
1668,315,179,0
783,-44,226,0
673,-74,280,0
771,195,416,0
809,360,499,0
886,369,442,0
1014,294,352,0
1246,299,297,0
1266,429,345,0
1327,475,408,0
1410,408,200,0
1668,275,-62,0
1343,144,-37,0
1065,99,36,0
861,118,75,0
687,215,100,0
632,245,88,0
664,170,30,0
684,106,5,0
755,97,32,0
887,134,83,0
1031,170,110,0
1233,233,146,0
1212,272,260,0
1570,320,209,0
1314,235,137,0
877,133,165,0
704,17,189,0
690,166,236,0
778,326,319,0
862,372,338,0
919,359,337,0
1138,374,339,0
1276,460,403,0
1445,528,464,0
1308,392,361,0
1547,243,33,0
1446,158,-35,0
1185,80,32,0
947,103,129,0
799,193,147,0
703,239,70,0
709,232,19,0
776,168,-3,0
795,129,2,0
888,133,12,0
957,157,53,0
1128,228,96,0
1030,276,198,0
1242,287,204,0
1350,292,185,0
1063,217,185,0
773,56,249,0
684,-24,321,0
820,167,440,0
843,246,467,0
908,269,407,0
1016,287,375,0
1223,383,378,0
1450,501,385,0
1437,465,406,0
1433,357,249,0
1498,255,54,0
1296,172,27,0
1131,73,51,0
925,69,54,0
774,155,67,0
758,219,29,0
697,218,-2,0
713,169,-38,0
713,150,14,0
937,177,84,0
1075,167,4,0
1041,273,57,0
1003,363,298,0
1434,417,303,0
1259,387,298,0
889,332,312,0
826,108,340,0
831,32,479,0
852,-51,520,0
959,10,499,0
1161,155,516,0
1278,238,417,0
1205,358,373,0
1284,445,416,0
1166,450,341,0
1463,442,126,0
1539,266,31,0
1076,157,54,0
849,129,49,0
794,100,51,0
760,184,20,0
748,233,-23,0
787,225,-46,0
782,193,-29,0
757,210,39,0
817,229,109,0
939,277,182,0
1053,295,274,0
1114,260,298,0
1481,173,244,0
1216,49,284,0
841,-5,265,0
702,-4,255,0
646,180,409,0
752,300,573,0
837,280,606,0
1007,238,485,0
1342,271,399,0
1309,315,373,0
1323,332,377,0
1222,365,368,0
1501,399,109,0
1541,323,30,0
1084,192,95,0
901,115,90,0
765,108,17,0
695,231,-3,0
729,291,24,0
851,259,9,0
877,175,-40,0
890,142,-38,0
812,195,57,0
821,259,129,0
1044,266,172,0
1353,274,204,0
1468,183,188,0
1002,129,336,0
772,133,426,0
763,-7,398,0
771,31,439,0
917,133,512,0
946,165,434,0
1121,240,376,0
1374,318,367,0
1341,536,436,0
1336,656,452,0
1520,602,140,0
1657,346,-33,0
1259,136,29,0
1071,102,57,0
850,169,52,0
756,255,21,0
764,227,-11,0
736,136,-46,0
766,129,-33,0
815,144,-4,0
825,162,35,0
938,201,83,0
985,238,156,0
1169,277,190,0
1546,337,170,0
1226,294,263,0
862,216,362,0
757,3,406,0
716,-69,435,0
763,-4,479,0
895,118,523,0
1142,212,525,0
1343,249,459,0
1402,325,379,0
1442,398,452,0
1359,376,391,0
1416,307,110,0
1432,246,7,0
1201,136,18,0
974,109,17,0
774,106,4,0
644,172,0,0
585,231,2,0
630,210,-13,0
686,147,-44,0
802,148,-37,0
907,171,74,0
1104,235,166,0
1276,269,208,0
1309,214,196,0
1537,110,74,0
1328,66,129,0
853,181,328,0
722,223,422,0
732,176,410,0
744,166,427,0
907,201,428,0
1111,278,333,0
1200,395,319,0
1220,460,358,0
1408,462,368,0
1313,442,247,0
1588,384,36,0
1520,231,48,0
1210,87,41,0
968,79,-7,0
758,105,-29,0
671,210,18,0
703,251,29,0
706,187,-11,0
789,170,-28,0
892,153,-10,0
1033,196,21,0
1140,270,78,0
937,310,223,0
1249,368,223,0
1388,274,157,0
985,93,192,0
744,-105,225,0
710,15,430,0
745,185,562,0
757,216,491,0
864,142,394,0
1119,172,335,0
1379,289,291,0
1525,397,286,0
1561,401,371,0
1249,370,181,0
1312,353,63,0
1086,227,71,0
877,160,53,0
691,130,35,0
621,143,34,0
671,219,42,0
749,232,20,0
848,168,-38,0
924,145,-34,0
1002,190,36,0
1191,274,104,0
1217,290,202,0
1061,248,297,0
1141,187,321,0
988,86,317,0
784,-20,313,0
678,-23,337,0
643,125,425,0
720,241,426,0
960,144,225,0
1082,178,209,0
1242,251,237,0
1243,352,239,0
1223,435,294,0
1047,515,387,0
1359,526,287,0
1396,338,133,0
1033,139,120,0
854,35,121,0
736,63,124,0
693,164,115,0
722,209,105,0
795,170,83,0
877,115,51,0
981,107,29,0
1068,152,68,0
1251,244,126,0
1257,283,238,0
1204,238,244,0
1270,131,113,0
977,107,91,0
721,80,133,0
604,97,162,0
567,203,191,0
634,280,233,0
881,305,269,0
1149,309,310,0
1448,330,333,0
1362,346,338,0
1257,395,435,0
1142,381,389,0
1462,317,64,0
1353,251,70,0
1076,93,122,0
955,45,99,0
845,113,41,0
773,222,34,0
737,246,15,0
740,184,-16,0
790,139,-25,0
888,160,18,0
1024,184,54,0
1179,277,62,0
1101,216,202,0
1155,182,211,0
1333,170,131,0
1070,181,141,0
816,154,165,0
682,142,250,0
730,252,297,0
817,277,318,0
998,255,326,0
1148,273,357,0
1240,304,353,0
1351,418,382,0
1371,452,453,0
1517,393,168,0
1518,283,67,0
1234,153,65,0
1045,92,59,0
866,114,34,0
740,190,24,0
713,230,2,0
704,212,-22,0
754,162,-40,0
832,157,-21,0
881,158,29,0
1073,235,145,0
1151,254,187,0
1365,247,151,0
1136,184,170,0
856,134,277,0
771,40,352,0
787,95,398,0
823,183,422,0
991,207,368,0
1184,262,290,0
1342,427,305,0
1349,653,440,0
1332,702,490,0
1241,536,248,0
1594,355,0,0
1369,162,13,0
1172,15,43,0
973,24,71,0
831,132,41,0
771,237,12,0
790,249,-18,0
786,166,-68,0
804,120,-82,0
831,122,-29,0
883,213,73,0
1026,262,131,0
1108,263,206,0
1419,263,142,0
1398,162,68,0
976,134,150,0
765,155,296,0
805,197,395,0
906,224,456,0
953,147,431,0
1091,123,366,0
1267,230,312,0
1283,433,338,0
1447,581,374,0
1200,491,408,0
1297,380,214,0
1515,207,17,0
1281,107,4,0
1069,80,42,0
847,106,74,0
718,190,54,0
727,237,8,0
745,198,-41,0
794,146,-52,0
864,147,-17,0
907,164,26,0
995,227,73,0
1079,240,117,0
1154,256,178,0
1409,266,195,0
1225,203,263,0
901,171,329,0
772,45,351,0
703,30,373,0
759,141,444,0
859,190,450,0
1053,192,389,0
1299,251,337,0
1298,343,317,0
1362,427,375,0
1147,458,428,0
1335,433,183,0
1432,267,32,0
1192,128,58,0
1046,54,67,0
832,97,76,0
735,186,40,0
702,215,16,0
718,197,4,0
757,147,-8,0
845,143,-3,0
925,147,35,0
1046,198,98,0
1164,208,151,0
1073,240,251,0
1366,249,216,0
1272,156,164,0
977,108,149,0
750,109,229,0
764,209,330,0
741,269,367,0
799,228,366,0
971,222,376,0
1184,218,363,0
1299,269,299,0
1469,397,338,0
1214,468,416,0
1372,448,212,0
1427,373,65,0
1294,182,11,0
1122,62,45,0
910,56,83,0
768,135,49,0
681,191,8,0
651,196,-8,0
729,145,-21,0
828,146,-3,0
878,143,35,0
1019,189,74,0
1153,225,119,0
1236,272,184,0
1427,281,185,0
1135,195,215,0
841,142,269,0
778,38,297,0
806,107,356,0
856,216,398,0
937,264,368,0
1081,314,299,0
1170,414,294,0
1180,556,326,0
1374,594,336,0
1206,549,322,0
1502,437,159,0
1439,263,98,0
1227,139,66,0
1115,57,36,0
921,90,39,0
806,169,57,0
747,197,47,0
708,155,0,0
672,97,-33,0
759,132,-9,0
869,192,31,0
999,256,92,0
1148,292,151,0
1141,314,215,0
1434,324,171,0
1329,233,150,0
995,142,167,0
884,36,172,0
794,172,238,0
781,323,329,0
808,358,357,0
906,326,369,0
1112,316,396,0
1250,327,365,0
1330,393,379,0
1305,377,436,0
1331,328,240,0
1535,277,54,0
1344,171,80,0
1089,120,86,0
949,125,27,0
792,169,-23,0
765,244,-49,0
766,249,-57,0
790,199,-71,0
833,178,-78,0
882,194,-43,0
904,243,18,0
1065,261,67,0
1026,255,204,0
1161,279,233,0
1347,218,210,0
1065,145,251,0
768,74,299,0
734,48,334,0
816,109,378,0
837,170,395,0
938,180,395,0
1085,198,333,0
1351,330,311,0
1375,492,376,0
1229,536,502,0
1071,426,420,0
1447,338,101,0
1413,235,72,0
1178,58,77,0
1087,7,11,0
963,88,-5,0
880,234,-12,0
898,299,-62,0
983,279,-97,0
1075,268,-80,0
1063,363,33,0
1020,338,64,0
953,299,106,0
935,258,164,0
1335,330,327,0
1397,183,363,0
1149,-39,246,0
843,-68,238,0
648,5,241,0
574,148,219,0
425,256,220,0
428,265,217,0
597,249,222,0
724,269,188,0
989,287,141,0
1345,348,158,0
1365,435,278,0
1350,454,376,0
1339,424,433,0
1165,318,326,0
1347,195,128,0
1245,110,82,0
1032,38,135,0
864,66,163,0
764,140,113,0
714,233,55,0
721,259,27,0
766,209,3,0
931,190,22,0
1026,179,32,0
1127,205,20,0
1283,234,41,0
1041,251,142,0
1274,304,145,0
1088,247,172,0
763,203,183,0
607,74,165,0
595,114,202,0
645,242,295,0
782,267,346,0
928,263,343,0
1219,288,383,0
1464,345,401,0
1346,392,370,0
1289,397,503,0
1316,350,378,0
1518,313,137,0
1350,193,110,0
1110,84,131,0
991,70,116,0
850,165,74,0
764,261,40,0
738,244,17,0
689,152,-8,0
756,139,-3,0
791,143,29,0
877,196,64,0
1091,237,109,0
1062,205,229,0
1201,268,311,0
1452,238,351,0
1182,181,394,0
840,-13,359,0
754,-150,278,0
798,39,308,0
780,231,387,0
864,325,450,0
916,362,376,0
1130,382,375,0
1196,406,471,0
1250,469,512,0
1185,505,540,0
1311,330,309,0
1388,136,116,0
1190,41,98,0
1003,21,140,0
834,93,162,0
691,221,166,0
670,247,110,0
691,204,53,0
766,142,33,0
849,143,57,0
1036,135,53,0
1032,166,96,0
1072,194,193,0
1102,216,230,0
1277,219,247,0
1103,188,273,0
920,153,317,0
718,95,358,0
733,161,392,0
798,143,391,0
824,101,334,0
985,176,343,0
1237,310,482,0
1469,404,498,0
1451,374,455,0
1212,202,410,0
1346,150,141,0
1282,204,95,0
1151,136,165,0
960,140,176,0
773,162,103,0
705,211,26,0
737,244,33,0
781,182,36,0
847,149,-3,0
951,129,-27,0
915,190,36,0
993,266,204,0
955,242,307,0
1282,240,328,0
1293,122,298,0
954,28,315,0
684,-13,296,0
579,79,269,0
611,265,390,0
697,239,497,0
942,206,514,0
1215,153,531,0
1437,88,410,0
1253,206,500,0
1200,253,346,0
1343,291,144,0
1280,194,147,0
1035,141,194,0
892,126,115,0
737,144,35,0
674,217,19,0
688,204,35,0
738,163,38,0
836,160,43,0
883,155,75,0
897,172,111,0
1036,240,203,0
1047,231,297,0
1233,208,273,0
1347,164,279,0
1080,166,364,0
844,87,335,0
743,59,287,0
717,153,319,0
724,258,439,0
780,306,516,0
982,286,523,0
1247,200,429,0
1356,162,358,0
1509,242,458,0
1244,242,404,0
1365,206,116,0
1268,131,-45,0
1127,132,-39,0
898,171,77,0
709,239,95,0
629,254,24,0
600,179,-7,0
643,132,20,0
701,119,57,0
868,133,69,0
991,99,70,0
1233,169,124,0
1297,224,243,0
1297,314,346,0
1366,275,357,0
1089,185,284,0
830,-21,218,0
668,-2,280,0
682,209,396,0
684,302,473,0
787,264,449,0
925,216,414,0
1219,178,337,0
1273,204,309,0
1293,298,397,0
1258,380,477,0
1309,310,286,0
1342,143,110,0
1170,40,80,0
963,52,94,0
743,124,134,0
647,208,135,0
684,200,61,0
735,144,28,0
845,141,58,0
974,151,71,0
1028,180,100,0
1171,260,209,0
1001,235,327,0
1159,204,342,0
1191,117,339,0
912,56,369,0
738,-24,362,0
626,21,377,0
629,148,400,0
670,216,470,0
803,183,462,0
968,182,405,0
1183,201,361,0
1302,243,313,0
1289,298,397,0
1159,333,464,0
1196,341,276,0
1272,249,145,0
1143,117,166,0
977,77,158,0
810,114,115,0
711,170,86,0
695,186,88,0
702,143,86,0
767,125,79,0
893,168,137,0
967,140,145,0
1105,195,187,0
1130,201,301,0
1137,245,329,0
1378,218,271,0
1119,164,281,0
837,82,285,0
651,66,281,0
551,184,297,0
582,285,392,0
705,289,481,0
875,268,465,0
1208,258,445,0
1375,231,402,0
1460,234,416,0
1215,219,416,0
1248,254,260,0
1300,247,157,0
1158,168,147,0
959,146,167,0
763,145,132,0
635,191,89,0
647,195,61,0
704,149,57,0
794,140,66,0
940,148,79,0
967,137,62,0
1070,207,163,0
1167,250,376,0
1094,201,376,0
1276,108,352,0
1100,6,402,0
911,5,340,0
724,82,417,0
691,162,411,0
639,239,422,0
705,269,434,0
862,269,419,0
1088,274,381,0
1136,290,356,0
1193,309,391,0
1267,316,402,0
1102,373,396,0
1341,328,276,0
1414,131,202,0
1104,25,162,0
917,22,102,0
723,88,130,0
566,191,197,0
512,169,156,0
436,87,109,0
508,122,137,0
763,181,154,0
1083,210,134,0
1324,258,163,0
1295,271,274,0
1301,230,268,0
1395,148,172,0
1104,179,196,0
782,176,271,0
557,190,310,0
451,165,251,0
516,128,227,0
680,199,360,0
892,297,434,0
1194,300,325,0
1521,314,278,0
1470,280,354,0
1315,244,411,0
1132,296,404,0
1249,263,205,0
1273,191,117,0
1072,122,122,0
857,118,111,0
797,150,51,0
749,242,4,0
828,278,-17,0
855,260,-9,0
897,199,-24,0
937,205,5,0
989,219,36,0
1084,242,78,0
882,182,183,0
1006,237,236,0
1195,183,231,0
1017,147,300,0
746,92,402,0
653,2,428,0
630,35,417,0
679,115,381,0
855,148,386,0
1142,194,362,0
1310,306,313,0
1348,410,360,0
1419,530,497,0
1333,549,464,0
1300,330,181,0
1462,133,47,0
1277,91,88,0
1066,79,115,0
891,140,71,0
757,207,12,0
700,262,-13,0
686,238,-20,0
703,186,-20,0
783,172,-11,0
884,170,12,0
982,190,47,0
1148,234,86,0
1022,281,231,0
1323,342,251,0
1370,257,226,0
992,96,178,0
767,-58,171,0
683,102,307,0
736,294,467,0
805,282,505,0
858,247,533,0
1136,207,502,0
1444,132,369,0
1424,247,381,0
1465,350,410,0
1306,390,261,0
1436,354,45,0
1406,211,-1,0
1103,122,103,0
912,120,69,0
772,98,-35,0
668,191,-44,0
654,235,-39,0
646,209,-40,0
677,173,-41,0
820,212,-3,0
904,241,74,0
1057,280,119,0
1203,300,186,0
1193,275,239,0
1522,206,143,0
1230,39,147,0
857,25,244,0
680,136,346,0
740,305,394,0
769,334,455,0
872,255,529,0
991,149,523,0
1259,92,446,0
1400,131,376,0
1410,210,274,0
1211,264,308,0
1302,359,215,0
1520,379,94,0
1327,271,58,0
1069,185,52,0
911,98,24,0
801,124,39,0
744,151,36,0
706,116,50,0
667,102,-2,0
659,169,-5,0
715,253,67,0
869,281,149,0
1028,316,198,0
1012,337,302,0
1372,424,298,0
1510,327,193,0
1070,77,170,0
793,-189,238,0
829,-117,312,0
802,174,398,0
793,365,484,0
860,390,487,0
985,284,435,0
1194,230,369,0
1320,272,316,0
1431,372,410,0
1222,365,352,0
1387,295,143,0
1275,237,94,0
1135,158,67,0
957,140,81,0
765,132,77,0
659,185,58,0
625,191,32,0
662,186,6,0
788,186,8,0
887,193,48,0
1026,192,37,0
1257,209,29,0
1053,244,179,0
1253,343,222,0
1382,306,240,0
1048,221,254,0
719,39,284,0
650,-40,365,0
698,59,419,0
726,163,444,0
888,191,441,0
1044,218,427,0
1299,288,325,0
1330,363,318,0
1362,373,344,0
1275,381,372,0
1213,338,259,0
1369,234,85,0
1190,136,58,0
971,106,60,0
852,96,48,0
750,147,76,0
723,216,44,0
730,217,-12,0
837,178,25,0
931,224,104,0
993,224,121,0
1134,253,155,0
1047,250,268,0
1226,227,232,0
1352,134,163,0
1031,87,185,0
777,75,264,0
735,146,357,0
723,257,407,0
721,248,418,0
835,204,418,0
994,203,399,0
1257,247,366,0
1389,312,323,0
1362,324,351,0
1122,322,347,0
1431,369,174,0
1439,299,85,0
1183,170,62,0
972,103,61,0
769,84,46,0
651,180,40,0
629,216,30,0
656,182,3,0
680,132,-1,0
769,178,56,0
881,184,80,0
1148,251,106,0
1335,299,240,0
1225,330,347,0
1492,235,203,0
1145,66,129,0
829,-48,169,0
712,43,239,0
654,233,369,0
676,321,464,0
696,256,439,0
902,221,426,0
1201,200,381,0
1344,276,341,0
1423,369,379,0
1277,350,382,0
1500,349,100,0
1457,247,32,0
1158,127,49,0
896,77,46,0
732,107,12,0
661,222,33,0
668,280,56,0
705,183,-3,0
746,82,-59,0
865,173,16,0
959,223,111,0
1159,277,129,0
1037,307,253,0
1157,353,275,0
1325,289,182,0
1082,137,144,0
845,-64,116,0
725,-107,139,0
699,156,219,0
719,348,325,0
889,398,391,0
1003,338,366,0
1186,353,409,0
1348,318,384,0
1414,208,314,0
1364,180,358,0
1286,192,280,0
1316,215,164,0
1216,169,109,0
1033,128,83,0
922,131,31,0
754,163,23,0
712,227,25,0
750,224,18,0
764,164,-33,0
834,170,-28,0
890,211,17,0
944,272,76,0
1100,296,107,0
1090,292,211,0
1178,321,251,0
1209,210,187,0
923,81,200,0
733,-36,236,0
765,68,347,0
796,243,476,0
810,279,459,0
922,198,399,0
1183,183,365,0
1323,278,332,0
1508,413,333,0
1404,428,418,0
1324,361,248,0
1312,273,98,0
1128,182,53,0
929,120,72,0
762,124,94,0
683,191,94,0
698,222,64,0
704,187,12,0
727,124,-15,0
814,150,13,0
959,194,47,0
1043,231,70,0
1203,250,96,0
1120,292,233,0
1325,316,246,0
1205,244,254,0
861,152,320,0
674,-26,351,0
660,-39,395,0
674,120,472,0
788,188,442,0
923,177,383,0
1153,189,324,0
1227,246,296,0
1192,358,311,0
1197,512,421,0
1135,553,405,0
1427,376,130,0
1351,200,64,0
1045,125,104,0
875,108,98,0
778,162,73,0
774,241,68,0
787,236,66,0
833,168,28,0
875,137,-1,0
919,162,54,0
903,189,113,0
983,217,133,0
1015,205,186,0
1265,251,185,0
1389,223,209,0
994,209,295,0
720,157,303,0
682,73,289,0
525,150,472,0
658,155,547,0
924,139,454,0
1207,204,384,0
1487,311,363,0
1458,404,374,0
1403,412,395,0
1209,343,283,0
1198,357,90,0
1324,275,30,0
1104,144,56,0
912,112,61,0
729,122,53,0
659,206,32,0
651,256,20,0
711,228,1,0
789,152,-8,0
876,150,42,0
956,167,112,0
1108,216,153,0
1359,248,216,0
1443,259,285,0
1485,147,198,0
908,58,222,0
644,85,265,0
643,152,289,0
631,261,648,0
654,100,856,0
812,-79,501,0
1173,277,286,0
1370,516,384,0
1345,399,372,0
1407,249,328,0
1208,244,244,0
1161,342,80,0
1251,405,48,0
1039,337,70,0
896,219,67,0
768,179,83,0
729,215,56,0
727,255,40,0
781,197,23,0
791,133,34,0
879,115,87,0
941,142,130,0
1191,179,153,0
1160,185,233,0
1373,208,234,0
1547,195,215,0
1038,183,257,0
747,126,233,0
599,110,205,0
598,261,233,0
722,332,276,0
831,294,272,0
938,282,257,0
1231,340,210,0
1324,505,318,0
1436,594,469,0
1259,418,335,0
1408,258,94,0
1393,216,62,0
1134,103,109,0
912,107,129,0
796,126,89,0
715,216,61,0
718,250,38,0
765,199,-10,0
802,137,-39,0
860,172,40,0
932,216,55,0
1051,271,71,0
1104,268,154,0
1276,296,180,0
1543,225,153,0
1086,157,226,0
719,111,340,0
587,97,378,0
616,181,357,0
704,243,416,0
897,181,416,0
1005,161,344,0
1212,226,293,0
1295,308,302,0
1348,433,353,0
1355,528,404,0
1242,408,276,0
1293,282,107,0
1176,193,77,0
1034,159,102,0
948,135,61,0
763,151,43,0
719,205,37,0
753,212,23,0
774,156,-2,0
826,164,36,0
920,151,55,0
1126,179,46,0
1134,232,147,0
1209,285,225,0
1381,272,243,0
1024,182,270,0
683,51,278,0
563,-21,328,0
577,143,425,0
650,226,466,0
861,170,415,0
1003,157,372,0
1162,198,302,0
1262,273,279,0
1333,380,302,0
1423,472,412,0
1207,402,321,0
1418,325,108,0
1299,215,92,0
1083,102,78,0
906,83,51,0
759,110,54,0
649,212,88,0
594,218,70,0
544,156,35,0
681,127,22,0
886,170,61,0
1046,197,85,0
1257,257,98,0
1229,266,237,0
1227,303,241,0
1617,212,93,0
1141,108,131,0
805,47,186,0
617,138,287,0
596,314,367,0
632,345,389,0
756,261,353,0
901,205,312,0
1141,241,326,0
1361,276,297,0
1450,451,369,0
1297,461,407,0
1391,392,170,0
1455,256,69,0
1190,165,80,0
1004,130,57,0
827,132,46,0
702,187,43,0
649,186,4,0
694,173,-7,0
767,255,6,0
851,314,61,0
925,307,113,0
1043,323,118,0
988,331,187,0
1014,281,207,0
1420,281,158,0
1201,289,233,0
862,70,226,0
673,49,278,0
631,224,365,0
829,226,358,0
991,235,370,0
1206,301,329,0
1365,448,353,0
1453,535,382,0
1186,463,316,0
1200,355,168,0
1224,310,112,0
1038,260,104,0
897,216,79,0
796,210,63,0
750,257,46,0
778,242,32,0
855,182,-1,0
894,137,-27,0
965,170,9,0
1084,220,34,0
1238,259,44,0
1006,270,190,0
956,311,267,0
1273,280,179,0
1016,215,130,0
743,70,143,0
649,-7,208,0
668,163,255,0
732,288,302,0
840,262,323,0
1005,221,338,0
1254,241,344,0
1470,334,317,0
1551,428,425,0
1250,377,451,0
1175,225,239,0
1197,157,64,0
1100,90,71,0
899,72,120,0
708,132,111,0
636,209,84,0
725,281,43,0
801,257,-17,0
889,201,-38,0
1124,219,-26,0
1110,240,31,0
1167,277,62,0
915,274,219,0
924,289,270,0
1223,207,222,0
968,85,218,0
673,-2,287,0
573,27,426,0
640,103,514,0
636,131,536,0
773,91,520,0
986,59,479,0
1314,144,341,0
1470,311,305,0
1629,384,371,0
1264,373,352,0
1244,331,95,0
1188,277,43,0
1029,173,41,0
843,154,65,0
672,162,89,0
593,206,85,0
601,223,59,0
669,189,17,0
742,169,39,0
934,199,99,0
1110,208,136,0
1212,222,174,0
1286,205,241,0
1012,187,321,0
1291,148,200,0
1222,148,166,0
866,171,203,0
717,201,272,0
635,254,364,0
618,321,369,0
679,245,350,0
853,208,345,0
1085,207,339,0
1329,246,297,0
1468,298,239,0
1328,370,349,0
1165,373,312,0
1230,288,108,0
1173,203,28,0
1011,110,51,0
830,100,75,0
725,144,76,0
706,225,47,0
752,251,14,0
789,186,-16,0
853,166,7,0
974,208,82,0
1051,217,103,0
1176,228,101,0
1134,211,195,0
1095,228,252,0
1318,209,213,0
1044,162,204,0
769,142,241,0
614,128,287,0
642,233,335,0
706,273,379,0
808,232,364,0
971,196,348,0
1166,218,299,0
1323,309,283,0
1361,334,283,0
1249,348,351,0
1139,341,357,0
1172,293,229,0
1231,210,125,0
1056,125,108,0
901,107,58,0
805,108,38,0
762,179,57,0
781,210,58,0
759,166,-31,0
772,193,-20,0
955,272,64,0
1034,291,134,0
1052,259,154,0
1151,238,167,0
981,198,258,0
1137,166,249,0
1099,77,230,0
810,79,281,0
669,120,356,0
701,127,427,0
690,173,448,0
776,188,442,0
919,185,407,0
1086,216,383,0
1278,260,311,0
1316,328,287,0
1310,366,386,0
1173,377,341,0
1278,349,141,0
1246,256,104,0
1054,158,95,0
894,138,81,0
758,150,79,0
693,206,82,0
678,211,52,0
694,173,10,0
799,168,33,0
1022,232,124,0
1361,224,81,0
1354,193,97,0
1074,200,247,0
1257,233,241,0
1063,115,152,0
783,-23,114,0
573,-42,151,0
493,148,221,0
568,318,310,0
749,344,328,0
922,272,288,0
1237,242,260,0
1483,293,291,0
1588,410,383,0
1365,439,468,0
1381,276,213,0
1286,166,45,0
1126,108,39,0
956,83,128,0
769,124,165,0
668,194,91,0
688,226,34,0
778,195,-27,0
829,142,-53,0
930,176,-10,0
990,224,68,0
1057,267,103,0
1097,297,171,0
997,284,245,0
1102,197,159,0
1096,123,120,0
797,106,231,0
720,132,340,0
744,187,423,0
775,244,457,0
874,227,439,0
1006,184,353,0
1163,242,325,0
1387,322,338,0
1255,335,312,0
1135,302,308,0
1153,364,311,0
1367,376,164,0
1320,268,50,0
1059,142,32,0
874,48,-2,0
786,97,-1,0
768,194,23,0
790,265,16,0
822,243,-2,0
940,221,8,0
1005,227,53,0
1096,250,85,0
1024,231,117,0
965,211,164,0
1272,267,243,0
1158,172,322,0
724,80,323,0
558,26,347,0
568,104,399,0
587,190,392,0
644,201,397,0
916,248,415,0
1364,306,404,0
1400,351,350,0
1433,356,384,0
1254,336,464,0
1216,367,273,0
1473,290,72,0
1296,159,101,0
1038,64,141,0
838,91,87,0
690,153,37,0
622,239,37,0
626,232,4,0
640,194,5,0
828,232,47,0
1060,246,76,0
1086,250,124,0
1212,269,124,0
1056,254,231,0
1021,249,231,0
1298,164,147,0
1015,74,187,0
785,37,261,0
698,141,413,0
797,248,511,0
827,217,432,0
852,142,393,0
950,148,333,0
1103,248,309,0
1092,323,331,0
1152,360,339,0
1146,395,370,0
1413,406,195,0
1486,307,87,0
1217,171,89,0
925,91,63,0
737,107,23,0
669,196,16,0
643,275,64,0
746,274,69,0
853,205,20,0
967,184,37,0
1085,160,43,0
1122,191,54,0
1115,240,143,0
967,296,235,0
1196,286,215,0
1084,267,262,0
862,173,267,0
742,41,270,0
681,74,318,0
716,171,358,0
740,188,368,0
844,190,384,0
998,213,381,0
1214,272,320,0
1316,309,298,0
1243,330,395,0
1215,370,436,0
1481,300,181,0
1437,169,13,0
1158,93,65,0
934,72,70,0
782,108,-2,0
650,215,-16,0
659,285,10,0
706,264,28,0
739,171,-10,0
827,163,20,0
957,169,80,0
1088,241,134,0
1184,274,226,0
1050,320,360,0
1350,257,299,0
1250,82,210,0
895,-35,208,0
658,-9,269,0
648,145,364,0
696,287,454,0
721,272,490,0
816,204,454,0
1108,183,387,0
1403,209,254,0
1263,299,250,0
1200,321,363,0
1142,428,347,0
1285,441,190,0
1398,256,80,0
930,10,31,0
786,54,27,0
715,175,61,0
685,258,84,0
710,203,62,0
794,163,72,0
883,157,113,0
1012,165,114,0
1138,180,131,0
1127,213,211,0
1347,280,254,0
1386,225,223,0
915,146,216,0
619,37,239,0
587,85,255,0
678,227,323,0
718,293,399,0
805,246,369,0
1046,234,336,0
1308,273,285,0
1320,368,282,0
1319,416,410,0
1114,386,368,0
1257,306,133,0
1218,210,85,0
1088,98,99,0
896,83,94,0
769,125,88,0
718,199,68,0
772,246,36,0
901,222,-5,0
1015,206,17,0
1071,185,65,0
1086,213,84,0
1061,217,120,0
899,227,175,0
1137,246,177,0
1098,216,259,0
890,169,278,0
646,72,294,0
574,107,376,0
662,193,429,0
779,171,377,0
959,151,345,0
1121,208,341,0
1289,298,335,0
1383,386,342,0
1312,462,469,0
1242,375,313,0
1301,191,127,0
1161,110,46,0
970,64,62,0
746,91,90,0
621,178,104,0
627,262,98,0
715,267,53,0
759,186,6,0
849,175,35,0
982,177,73,0
1052,216,106,0
1135,255,190,0
1167,270,273,0
1239,199,275,0
1277,96,232,0
935,30,272,0
711,52,311,0
659,129,365,0
642,237,477,0
707,230,454,0
803,169,377,0
1076,182,358,0
1355,237,277,0
1380,365,282,0
1315,435,455,0
1299,404,283,0
1404,263,49,0
1148,161,61,0
927,75,77,0
752,85,73,0
644,186,82,0
669,242,80,0
764,216,31,0
806,159,13,0
903,165,58,0
985,185,116,0
1052,218,157,0
1078,274,253,0
1067,258,308,0
1390,182,233,0
1167,45,211,0
850,13,246,0
697,63,306,0
697,181,337,0
671,300,369,0
744,297,372,0
836,242,360,0
1104,246,322,0
1330,302,265,0
1375,403,315,0
1272,452,476,0
1228,404,296,0
1359,266,73,0
1225,130,58,0
1021,21,71,0
795,56,82,0
696,145,119,0
698,219,125,0
751,212,41,0
793,161,15,0
913,156,34,0
986,188,87,0
1072,227,97,0
1152,281,136,0
1057,308,232,0
1259,278,186,0
1219,207,162,0
863,112,178,0
666,64,221,0
641,174,336,0
716,275,439,0
780,259,457,0
914,219,415,0
1159,236,338,0
1320,336,346,0
1324,363,339,0
1290,328,331,0
1252,312,223,0
1437,279,44,0
1313,154,13,0
999,130,27,0
869,120,15,0
740,196,29,0
663,278,51,0
660,234,36,0
661,145,17,0
733,141,30,0
872,169,71,0
999,210,94,0
1292,251,115,0
1173,270,255,0
1373,283,242,0
1351,178,137,0
927,92,130,0
692,66,149,0
609,191,228,0
608,359,328,0
741,370,367,0
867,251,344,0
1033,93,204,0
1276,314,185,0
1387,637,366,0
1324,688,455,0
1233,581,263,0
1401,418,80,0
1242,268,25,0
1035,182,26,0
888,149,25,0
752,195,36,0
701,216,23,0
707,193,6,0
750,157,1,0
907,181,-5,0
1047,222,20,0
1073,253,89,0
1143,285,137,0
1031,238,215,0
1034,235,213,0
1290,200,149,0
1013,177,188,0
745,181,266,0
595,173,362,0
626,242,425,0
766,244,478,0
904,157,437,0
1011,106,361,0
1261,204,330,0
1382,286,328,0
1313,289,279,0
1194,270,285,0
1261,305,181,0
1341,275,51,0
1057,191,68,0
829,145,41,0
740,135,22,0
718,202,40,0
753,257,45,0
815,213,2,0
891,180,-8,0
1053,232,73,0
1087,215,88,0
1217,225,65,0
1053,207,183,0
1045,267,248,0
1249,232,213,0
971,136,217,0
634,35,242,0
525,45,282,0
607,171,318,0
643,241,338,0
791,186,310,0
928,183,288,0
1125,267,282,0
1253,366,298,0
1419,376,322,0
1363,347,371,0
1217,303,372,0
1316,233,228,0
1267,177,89,0
1039,114,97,0
832,96,129,0
680,151,124,0
627,222,101,0
679,223,61,0
730,165,35,0
800,142,33,0
965,177,33,0
1148,218,68,0
1195,251,92,0
1110,258,159,0
1054,283,232,0
1332,264,184,0
1033,202,217,0
688,87,238,0
555,76,262,0
579,186,336,0
666,248,363,0
788,225,366,0
962,213,325,0
1265,299,313,0
1347,398,345,0
1286,412,354,0
1132,383,393,0
1149,354,329,0
1349,317,135,0
1271,194,109,0
1027,104,98,0
954,92,62,0
839,151,54,0
786,260,58,0
811,254,25,0
838,180,-17,0
912,173,-1,0
986,196,46,0
1033,199,34,0
1043,227,82,0
924,287,192,0
1239,370,280,0
1210,273,329,0
827,92,302,0
557,-96,276,0
602,-3,301,0
673,186,380,0
820,231,422,0
936,197,414,0
1096,248,323,0
1228,407,336,0
1447,512,384,0
1451,410,399,0
1261,250,291,0
1350,143,112,0
1271,156,69,0
1059,128,116,0
845,141,138,0
704,177,100,0
617,227,55,0
609,244,26,0
651,191,4,0
728,162,9,0
950,178,15,0
1108,216,32,0
1359,300,49,0
1241,344,232,0
1010,392,358,0
1274,332,221,0
1143,113,107,0
803,-122,138,0
605,-84,261,0
600,136,337,0
691,323,351,0
757,329,353,0
810,213,337,0
1000,215,345,0
1258,291,342,0
1281,351,323,0
1253,350,398,0
1249,356,364,0
1457,313,86,0
1347,201,63,0
1026,107,128,0
819,110,81,0
677,162,36,0
577,240,51,0
569,244,48,0
630,193,34,0
816,203,10,0
1053,245,10,0
1227,271,41,0
1390,296,47,0
1139,285,197,0
991,359,296,0
1204,294,159,0
752,-51,192,0
509,-36,304,0
546,127,362,0
613,249,382,0
734,262,385,0
889,197,347,0
1109,234,312,0
1293,333,307,0
1365,426,317,0
1408,413,329,0
1141,397,323,0
1173,334,206,0
1215,261,116,0
1039,137,117,0
842,103,103,0
693,117,59,0
613,206,34,0
656,283,33,0
806,304,47,0
944,231,35,0
1083,215,44,0
1149,197,41,0
1323,227,24,0
1159,248,143,0
849,305,264,0
1106,261,223,0
989,190,182,0
747,97,180,0
575,36,203,0
578,150,246,0
623,262,296,0
718,282,346,0
873,244,377,0
1136,262,401,0
1422,298,359,0
1439,280,339,0
1405,226,354,0
1207,219,327,0
1219,247,181,0
1322,224,-4,0
1135,203,-1,0
899,201,42,0
793,226,32,0
686,280,15,0
636,284,-6,0
629,205,-12,0
680,175,-7,0
786,197,13,0
1001,232,34,0
1137,241,65,0
1242,261,119,0
1151,255,237,0
1175,276,282,0
1402,221,237,0
1008,83,213,0
714,14,199,0
609,77,230,0
604,225,329,0
661,309,413,0
737,270,409,0
884,241,387,0
1206,263,344,0
1413,318,307,0
1527,346,334,0
1414,285,303,0
1275,233,102,0
1282,149,22,0
1099,52,2,0
809,119,1,0
635,211,54,0
568,269,79,0
598,279,73,0
680,206,34,0
778,180,23,0
909,182,51,0
1052,215,86,0
1177,264,132,0
1282,276,182,0
1180,256,215,0
1387,170,149,0
1053,132,233,0
700,141,368,0
658,105,385,0
559,108,382,0
519,176,431,0
670,184,439,0
838,221,340,0
1223,348,318,0
1430,353,292,0
1388,297,239,0
1296,289,297,0
1188,310,226,0
1288,275,97,0
1103,179,111,0
941,120,80,0
817,139,71,0
710,194,101,0
718,231,88,0
706,177,44,0
711,160,52,0
871,223,94,0
1000,229,104,0
1044,235,120,0
1091,213,175,0
1087,212,215,0
1263,234,183,0
1270,226,195,0
919,198,256,0
691,177,310,0
583,176,352,0
521,183,393,0
547,177,426,0
761,212,435,0
1042,265,379,0
1378,769,328,0
1284,935,376,0
1214,774,324,0
972,689,369,0
913,622,281,0
1145,551,28,0
1095,420,-64,0
879,367,-35,0
712,285,-5,0
614,251,0,0
568,272,15,0
599,292,25,0
651,317,37,0
784,391,79,0
900,456,124,0
1091,594,213,0
1163,679,347,0
991,602,361,0
1166,521,423,0
1060,387,432,0
685,361,365,0
485,419,352,0
375,397,328,0
437,379,281,0
548,364,254,0
606,472,278,0
786,628,311,0
997,750,309,0
1067,810,352,0
969,876,424,0
873,873,427,0
958,805,341,0
940,649,269,0
781,501,226,0
679,390,176,0
579,311,141,0
556,277,103,0
603,279,72,0
668,298,76,0
816,345,54,0
1009,343,27,0
1220,379,38,0
1420,426,90,0
1083,399,275,0
1033,420,287,0
1312,356,161,0
969,152,150,0
715,-68,146,0
522,-82,193,0
508,126,277,0
588,259,347,0
700,269,367,0
860,220,397,0
1169,191,325,0
1395,247,271,0
1515,364,341,0
1380,356,409,0
1301,286,186,0
1299,190,47,0
1050,122,67,0
853,85,95,0
679,116,86,0
586,209,56,0
608,278,44,0
718,268,33,0
814,210,40,0
959,194,56,0
1073,190,81,0
1159,222,100,0
1190,261,160,0
953,245,259,0
1104,207,201,0
1136,181,153,0
839,146,198,0
675,128,236,0
650,172,283,0
679,238,316,0
729,212,331,0
840,210,361,0
1052,233,349,0
1302,271,317,0
1362,337,312,0
1440,354,388,0
1238,302,335,0
1322,231,116,0
1285,130,53,0
1078,43,46,0
865,65,5,0
695,135,10,0
650,270,67,0
688,292,29,0
709,240,-3,0
820,208,12,0
957,236,57,0
1027,243,79,0
1106,261,97,0
1019,242,165,0
1183,244,174,0
1366,185,151,0
974,132,232,0
706,70,327,0
634,63,360,0
625,156,407,0
666,194,456,0
782,156,465,0
942,157,427,0
1241,212,313,0
1468,310,265,0
1549,377,348,0
1212,366,337,0
1280,350,132,0
1192,280,62,0
1055,154,29,0
875,92,29,0
706,92,44,0
632,181,64,0
694,232,49,0
732,220,23,0
801,182,13,0
941,185,46,0
1021,187,75,0
1169,233,92,0
1120,242,176,0
1124,270,215,0
1308,243,199,0
1031,224,220,0
802,146,261,0
644,76,320,0
667,158,340,0
725,196,338,0
795,203,321,0
949,226,302,0
1168,286,301,0
1326,346,268,0
1362,411,317,0
1265,400,356,0
1335,325,165,0
1295,220,46,0
1115,120,59,0
943,100,86,0
843,135,107,0
772,190,78,0
735,200,27,0
742,162,0,0
791,143,17,0
898,175,70,0
998,190,86,0
1175,210,63,0
1045,247,171,0
1169,309,251,0
1264,267,213,0
939,184,177,0
681,2,187,0
605,-14,241,0
681,172,318,0
738,256,338,0
839,226,322,0
972,202,294,0
1145,284,269,0
1250,406,301,0
1329,467,350,0
1331,465,407,0
1307,348,263,0
1399,217,100,0
1165,128,71,0
992,61,82,0
823,79,85,0
713,161,69,0
688,234,40,0
696,236,13,0
778,196,-6,0
932,191,-18,0
1017,208,0,0
1145,289,51,0
1145,294,143,0
1010,303,239,0
1297,258,194,0
1207,137,207,0
804,-16,269,0
606,-52,290,0
525,97,342,0
497,268,428,0
657,283,487,0
882,211,420,0
1154,214,285,0
1403,363,317,0
1381,393,337,0
1129,357,281,0
1344,307,128,0
1200,247,129,0
938,178,137,0
834,145,116,0
722,163,84,0
703,241,64,0
755,251,45,0
846,182,13,0
911,139,8,0
1000,166,28,0
1041,228,66,0
1098,250,72,0
1008,244,166,0
1185,293,177,0
1335,254,178,0
977,209,225,0
711,107,252,0
599,64,265,0
604,180,298,0
699,214,365,0
780,196,370,0
958,243,329,0
1294,359,334,0
1368,418,353,0
1281,387,375,0
1152,348,401,0
1333,331,218,0
1455,289,43,0
1209,150,64,0
951,79,81,0
853,114,58,0
744,231,101,0
744,281,77,0
704,191,-2,0
744,124,-14,0
832,153,11,0
912,244,86,0
1068,294,128,0
1156,285,186,0
1008,253,255,0
1348,190,135,0
1236,133,140,0
931,79,233,0
719,63,300,0
678,182,333,0
657,305,390,0
767,289,379,0
890,232,340,0
1111,259,299,0
1311,380,290,0
1345,457,328,0
1283,435,388,0
1066,363,296,0
1395,290,86,0
1355,191,63,0
1135,105,85,0
934,103,81,0
778,170,65,0
742,267,41,0
713,245,17,0
687,150,10,0
759,138,20,0
886,174,56,0
986,215,78,0
1283,281,100,0
1136,290,260,0
1293,292,231,0
1333,189,150,0
927,90,205,0
658,-25,244,0
580,100,328,0
669,266,401,0
747,300,392,0
825,228,347,0
1004,224,305,0
1209,323,303,0
1274,387,300,0
1324,426,317,0
1193,398,365,0
1231,375,209,0
1411,277,92,0
1215,139,77,0
1019,93,49,0
900,108,27,0
790,188,49,0
755,250,71,0
709,185,38,0
680,127,1,0
781,175,29,0
897,201,61,0
1001,226,53,0
1165,216,77,0
1029,282,216,0
1273,308,210,0
1349,278,172,0
1023,213,169,0
805,69,189,0
706,166,254,0
697,309,338,0
672,351,415,0
769,301,409,0
886,284,421,0
1184,293,408,0
1280,265,336,0
1329,301,315,0
1309,356,384,0
1359,363,261,0
1443,307,110,0
1231,170,68,0
967,108,43,0
835,103,26,0
708,183,66,0
721,259,60,0
776,205,-6,0
744,140,-33,0
741,170,35,0
843,225,72,0
1038,261,65,0
1224,257,166,0
1220,323,352,0
1520,267,298,0
1177,110,247,0
730,-40,330,0
595,-52,355,0
544,100,419,0
562,205,401,0
698,233,397,0
858,226,451,0
1141,226,361,0
1388,295,315,0
1363,365,299,0
1305,367,333,0
1064,367,328,0
1219,360,209,0
1188,286,134,0
1053,157,132,0
875,83,132,0
737,111,103,0
675,159,73,0
648,185,57,0
672,183,80,0
742,142,81,0
914,188,101,0
1033,201,123,0
1207,261,142,0
1143,254,238,0
1007,259,305,0
1539,231,171,0
1247,144,155,0
831,59,203,0
634,50,228,0
564,204,213,0
597,327,245,0
690,322,296,0
781,261,310,0
998,257,305,0
1289,313,309,0
1443,362,313,0
1408,362,413,0
1205,259,315,0
1446,215,124,0
1294,192,95,0
1056,118,126,0
825,121,135,0
647,147,92,0
578,220,63,0
614,225,51,0
673,174,17,0
787,152,5,0
1001,174,16,0
1094,201,25,0
1306,288,72,0
1108,349,270,0
1040,355,288,0
1268,265,185,0
1018,141,199,0
818,-51,229,0
666,-70,270,0
629,128,332,0
669,265,351,0
765,281,347,0
937,240,345,0
1190,281,329,0
1381,356,283,0
1337,353,284,0
1155,292,309,0
1157,334,260,0
1273,340,105,0
1239,233,36,0
977,114,49,0
856,98,45,0
789,213,35,0
744,317,24,0
706,320,23,0
771,264,26,0
827,245,42,0
868,321,75,0
986,310,99,0
1191,260,178,0
1022,213,243,0
1196,141,118,0
1315,122,138,0
995,264,322,0
641,287,443,0
462,420,426,0
384,514,574,0
351,568,511,0
552,283,184,0
760,441,162,0
1086,828,192,0
1147,1019,133,0
1330,977,117,0
1024,953,173,0
1126,910,-37,0
1069,595,-104,0
830,285,-18,0
647,203,39,0
508,162,48,0
446,234,59,0
510,275,68,0
679,308,82,0
988,416,48,0
1270,529,-65,0
1394,491,-214,0
1374,425,-160,0
850,487,232,0
989,431,407,0
931,283,450,0
730,-134,518,0
806,-94,488,0
224,1260,475,0
490,646,289,0
387,331,82,0
627,76,66,0
1020,26,175,0
1370,204,227,0
1424,297,162,0
1476,388,214,0
1215,418,329,0
1302,414,199,0
1260,298,102,0
956,159,119,0
783,92,124,0
650,128,121,0
611,213,129,0
662,242,119,0
771,185,69,0
907,156,56,0
1056,165,80,0
1152,198,59,0
1357,278,82,0
1004,322,311,0
1273,349,284,0
1145,228,205,0
809,99,175,0
592,-42,200,0
490,16,255,0
532,161,306,0
584,263,398,0
743,246,451,0
936,205,424,0
1290,212,373,0
1462,258,337,0
1616,294,380,0
1266,279,394,0
1280,230,229,0
1257,214,105,0
1044,170,118,0
816,140,203,0
646,117,184,0
554,142,100,0
553,167,69,0
615,172,44,0
620,144,45,0
736,197,77,0
964,256,134,0
1114,298,195,0
1326,362,260,0
1311,294,362,0
1392,124,292,0
1290,-88,153,0
892,-44,216,0
628,48,294,0
524,196,352,0
488,318,419,0
508,292,425,0
652,208,376,0
920,196,342,0
1290,257,298,0
1415,362,288,0
1471,410,377,0
1287,429,328,0
1488,345,98,0
1288,245,58,0
1007,113,85,0
817,75,85,0
684,152,91,0
680,267,94,0
742,282,89,0
858,122,28,0
893,104,70,0
946,167,104,0
1131,240,140,0
1112,270,273,0
1289,280,292,0
1270,158,244,0
904,109,277,0
662,21,307,0
628,90,357,0
651,201,436,0
737,226,419,0
826,201,401,0
1010,207,349,0
1272,267,289,0
1295,358,284,0
1390,429,368,0
1150,416,350,0
1418,402,166,0
1343,278,143,0
1088,137,115,0
914,96,77,0
736,91,68,0
642,178,92,0
632,201,99,0
646,147,69,0
673,111,46,0
800,137,61,0
941,168,84,0
1183,245,113,0
1340,300,249,0
1143,363,388,0
1462,252,226,0
1245,94,137,0
886,-91,179,0
661,-52,234,0
586,197,315,0
596,373,382,0
659,357,350,0
786,266,337,0
982,236,329,0
1234,274,287,0
1406,402,320,0
1404,434,433,0
1301,373,240,0
1425,278,109,0
1148,185,121,0
965,116,104,0
828,100,96,0
690,165,119,0
688,216,95,0
706,207,64,0
711,132,28,0
777,128,42,0
920,160,100,0
1045,229,111,0
1302,259,147,0
1218,259,258,0
1467,219,199,0
1295,148,196,0
794,85,277,0
596,50,269,0
539,177,287,0
577,295,344,0
667,288,364,0
860,270,291,0
1205,335,226,0
1321,444,290,0
1253,470,306,0
1247,421,299,0
1151,500,338,0
1336,446,225,0
1373,296,132,0
1063,120,127,0
905,29,86,0
790,59,62,0
711,174,66,0
717,245,60,0
764,217,52,0
839,160,35,0
953,159,4,0
990,242,56,0
1165,310,88,0
1224,313,182,0
1331,331,242,0
1354,263,257,0
878,141,339,0
651,-74,304,0
550,-98,338,0
509,119,489,0
623,231,553,0
773,188,481,0
991,177,390,0
1350,221,329,0
1331,287,320,0
1415,317,316,0
1156,320,302,0
1153,383,161,0
1281,340,97,0
1016,220,110,0
855,139,87,0
666,108,90,0
591,171,74,0
569,213,71,0
601,203,64,0
750,184,68,0
1001,402,142,0
1277,341,133,0
1270,219,136,0
1467,90,258,0
1015,161,423,0
1233,154,291,0
1096,73,224,0
859,-112,226,0
547,212,179,0
421,113,185,0
520,364,195,0
641,403,223,0
790,367,306,0
985,384,333,0
1211,399,347,0
1261,358,311,0
1447,344,333,0
1386,325,321,0
1462,296,139,0
1305,225,116,0
1018,106,110,0
900,80,99,0
763,150,106,0
679,277,129,0
740,289,65,0
790,173,-43,0
837,163,37,0
852,200,-32,0
882,189,-37,0
1102,234,39,0
1189,222,215,0
1194,182,228,0
1363,95,211,0
1024,108,303,0
776,88,347,0
617,82,335,0
573,224,384,0
691,309,479,0
851,228,436,0
1057,173,399,0
1301,152,407,0
1414,239,310,0
1631,301,280,0
1293,291,326,0
1351,273,186,0
1202,196,102,0
1015,154,60,0
819,139,74,0
649,128,80,0
555,164,72,0
552,193,69,0
609,169,38,0
666,155,36,0
884,180,68,0
1034,210,107,0
1300,264,124,0
1422,303,278,0
1196,312,423,0
1352,127,234,0
1076,-12,185,0
762,16,251,0
663,122,322,0
616,274,441,0
624,313,455,0
710,231,384,0
876,202,343,0
1153,245,334,0
1301,364,323,0
1371,442,355,0
1222,434,370,0
1485,409,147,0
1426,314,106,0
1132,146,106,0
1004,86,82,0
836,97,77,0
723,179,85,0
640,190,76,0
587,148,41,0
600,116,37,0
809,157,59,0
956,170,104,0
1103,242,180,0
1288,251,244,0
1286,268,298,0
1442,178,204,0
1160,110,204,0
818,139,235,0
717,191,243,0
700,299,307,0
766,360,385,0
801,318,386,0
906,278,274,0
1079,325,250,0
1203,441,300,0
1582,508,257,0
1368,559,394,0
1375,505,315,0
1514,301,91,0
1347,94,-7,0
1113,-32,38,0
890,-10,95,0
733,119,128,0
686,211,51,0
650,195,-11,0
661,111,-29,0
750,126,-19,0
982,185,-41,0
1374,319,-11,0
985,367,246,0
1143,391,287,0
1316,363,203,0
1092,260,211,0
805,-162,188,0
766,-251,259,0
840,54,375,0
872,300,395,0
906,397,447,0
1030,339,449,0
1165,304,397,0
1270,329,339,0
1366,387,443,0
1271,377,380,0
1412,249,180,0
1290,203,85,0
1046,154,64,0
876,155,102,0
692,184,140,0
627,228,111,0
654,221,63,0
771,176,41,0
912,159,50,0
1026,93,22,0
1101,93,-2,0
1247,182,62,0
1064,282,244,0
1281,377,263,0
1208,281,314,0
912,152,329,0
674,-98,249,0
584,-96,292,0
650,104,381,0
783,225,408,0
905,274,423,0
1029,280,414,0
1261,315,363,0
1339,367,359,0
1393,389,449,0
1166,339,398,0
1439,295,135,0
1402,239,94,0
1151,93,99,0
919,85,115,0
727,120,106,0
674,238,89,0
711,255,61,0
772,163,7,0
777,108,-4,0
864,114,34,0
933,150,81,0
1079,237,117,0
1127,262,200,0
1090,273,287,0
1378,251,245,0
1234,147,225,0
951,24,229,0
757,-3,304,0
739,183,414,0
703,310,467,0
763,313,459,0
855,260,408,0
1056,299,358,0
1296,412,317,0
1592,537,346,0
1361,428,298,0
1368,331,162,0
1448,302,22,0
1319,200,8,0
1113,90,71,0
891,56,114,0
732,146,63,0
656,196,19,0
618,212,20,0
619,137,13,0
734,108,8,0
825,86,8,0
1039,196,55,0
1329,288,129,0
1328,354,255,0
1639,343,250,0
1148,247,245,0
761,135,294,0
783,-14,337,0
823,104,434,0
814,255,549,0
899,273,542,0
1217,287,303,0
1146,386,292,0
1225,435,314,0
1202,549,356,0
1398,559,225,0
1533,343,85,0
1327,125,46,0
1130,30,25,0
917,67,28,0
742,158,84,0
712,217,95,0
696,137,26,0
622,66,0,0
675,100,40,0
806,150,84,0
917,221,112,0
1214,264,134,0
1251,335,254,0
1547,372,286,0
1418,283,264,0
954,132,270,0
717,-45,302,0
692,28,375,0
624,232,494,0
704,387,567,0
835,497,480,0
1084,649,300,0
1164,629,223,0
1449,589,193,0
1407,523,219,0
1408,465,63,0
1561,368,-5,0
1231,256,-11,0
1041,175,-12,0
811,86,-11,0
606,87,17,0
463,109,44,0
442,107,48,0
506,142,70,0
697,173,92,0
905,192,127,0
1150,215,176,0
1356,230,225,0
1606,255,260,0
1770,155,119,0
1380,74,108,0
839,99,157,0
624,210,167,0
591,358,220,0
603,405,277,0
604,356,291,0
651,295,222,0
934,336,129,0
1345,490,195,0
1542,707,297,0
1502,513,277,0
1226,517,243,0
1573,444,80,0
1448,196,99,0
1170,-10,167,0
872,-41,168,0
664,27,116,0
585,102,86,0
544,108,55,0
554,92,57,0
697,115,68,0
857,144,86,0
1031,196,125,0
1446,262,118,0
1484,336,208,0
1547,385,223,0
1394,289,165,0
922,238,153,0
740,154,164,0
650,200,219,0
636,352,307,0
627,384,339,0
690,296,276,0
901,296,300,0
1203,327,276,0
1348,422,328,0
1443,448,385,0
1242,365,439,0
1250,297,265,0
1392,171,85,0
1177,84,105,0
953,62,183,0
751,110,210,0
695,176,136,0
686,181,58,0
741,146,27,0
783,135,55,0
946,190,71,0
1027,218,49,0
1145,277,60,0
1037,307,272,0
976,321,422,0
1238,306,456,0
1056,145,414,0
732,-74,340,0
588,-71,364,0
577,129,423,0
607,259,444,0
740,292,461,0
839,274,471,0
994,252,408,0
1096,276,384,0
1251,333,371,0
1440,418,468,0
1240,409,411,0
1407,281,178,0
1256,197,125,0
973,127,142,0
729,65,113,0
685,63,76,0
631,132,104,0
677,199,115,0
781,213,99,0
885,255,114,0
909,329,147,0
936,336,214,0
1149,365,243,0
997,353,326,0
1150,348,401,0
1112,359,559,0
912,250,545,0
692,94,429,0
577,72,350,0
564,204,326,0
640,268,352,0
689,321,411,0
716,351,428,0
809,372,401,0
943,393,418,0
1167,399,341,0
1551,422,337,0
1405,361,239,0
1371,372,156,0
1043,308,146,0
811,264,146,0
638,217,135,0
524,182,129,0
526,169,105,0
676,183,110,0
802,226,131,0
1030,259,140,0
1217,242,171,0
1290,202,155,0
1276,233,246,0
999,271,359,0
1193,285,387,0
1014,190,425,0
690,78,332,0
485,22,290,0
485,99,324,0
538,212,354,0
711,257,346,0
818,241,365,0
824,249,369,0
1071,315,372,0
1343,371,350,0
1684,395,420,0
1345,299,356,0
1376,209,144,0
1190,203,57,0
965,168,123,0
775,185,177,0
635,157,122,0
637,195,93,0
822,195,66,0
905,133,28,0
948,115,27,0
956,153,47,0
984,199,29,0
1103,232,19,0
886,301,272,0
1154,412,482,0
1170,349,558,0
846,150,365,0
543,-190,302,0
533,-178,361,0
569,39,353,0
700,202,375,0
928,281,495,0
1073,315,487,0
1203,290,419,0
1438,342,378,0
1746,419,406,0
1333,315,238,0
1305,103,77,0
1085,72,50,0
950,67,43,0
771,155,122,0
650,220,154,0
582,248,96,0
591,202,21,0
643,152,-1,0
761,158,34,0
957,161,59,0
1083,211,98,0
1269,239,146,0
1191,265,301,0
1267,234,304,0
1422,121,135,0
954,108,214,0
636,101,351,0
607,149,346,0
614,246,358,0
712,282,406,0
859,231,382,0
1062,245,298,0
1348,360,323,0
1249,429,357,0
1454,461,347,0
1355,420,370,0
1373,315,186,0
1508,183,43,0
1307,87,29,0
1071,83,26,0
861,99,22,0
689,196,51,0
632,253,43,0
611,202,8,0
594,124,-4,0
669,137,28,0
812,157,52,0
1006,204,62,0
1383,261,113,0
1180,313,305,0
1490,341,266,0
1473,207,177,0
1017,58,195,0
682,-71,300,0
669,53,394,0
671,218,435,0
764,316,444,0
898,293,448,0
1109,274,412,0
1298,320,367,0
1351,381,371,0
1313,343,387,0
1280,326,264,0
1559,266,80,0
1335,154,79,0
1096,120,70,0
948,115,59,0
799,172,69,0
784,202,109,0
725,116,-7,0
652,106,-41,0
689,171,38,0
738,218,143,0
888,231,203,0
1106,219,206,0
1140,244,278,0
1339,236,208,0
1545,170,122,0
1131,106,222,0
825,33,287,0
751,161,362,0
740,334,443,0
739,381,457,0
835,334,429,0
995,356,443,0
1233,393,396,0
1304,388,370,0
1434,327,341,0
1238,338,290,0
1439,349,103,0
1497,205,-5,0
1222,127,15,0
950,118,68,0
726,174,99,0
621,236,80,0
571,209,52,0
600,133,44,0
666,89,44,0
833,97,64,0
955,129,102,0
1112,197,149,0
1316,227,204,0
1366,272,281,0
1608,217,183,0
1220,197,235,0
817,189,381,0
725,125,339,0
603,182,382,0
668,231,470,0
757,226,446,0
891,224,340,0
1138,319,259,0
1289,414,297,0
1162,431,315,0
1152,455,314,0
1234,524,292,0
1437,444,159,0
1330,247,129,0
1153,77,72,0
1021,35,27,0
872,87,55,0
754,176,94,0
703,137,58,0
734,106,47,0
865,127,68,0
915,178,117,0
1096,245,161,0
1222,240,256,0
1258,258,303,0
1437,183,220,0
1094,155,228,0
812,104,274,0
707,102,298,0
705,204,341,0
716,271,392,0
828,260,350,0
940,246,334,0
1143,301,332,0
1214,351,333,0
1256,391,338,0
1222,380,423,0
1239,356,314,0
1461,283,127,0
1199,152,162,0
1023,85,135,0
893,83,72,0
762,135,64,0
686,192,78,0
659,179,71,0
646,136,56,0
737,142,62,0
916,183,92,0
1076,240,131,0
1379,284,155,0
1130,320,303,0
1147,293,248,0
1287,231,179,0
967,164,213,0
765,66,233,0
677,100,253,0
661,252,266,0
622,320,319,0
674,307,379,0
880,276,394,0
1217,294,395,0
1410,293,351,0
1465,251,382,0
1328,241,354,0
1443,297,134,0
1376,251,66,0
1067,154,75,0
864,120,46,0
684,126,28,0
593,203,39,0
578,232,39,0
593,182,24,0
673,142,16,0
818,141,29,0
1006,207,68,0
1281,288,123,0
1319,326,266,0
1163,299,322,0
1456,145,118,0
1223,43,71,0
788,32,221,0
593,112,352,0
628,143,547,0
633,31,437,0
623,124,251,0
821,358,200,0
1205,630,282,0
1356,782,417,0
1600,669,297,0
1357,434,164,0
1199,454,111,0
1353,272,-10,0
1152,119,41,0
914,50,97,0
744,93,76,0
673,170,49,0
672,255,51,0
707,256,39,0
769,186,30,0
891,136,32,0
988,168,85,0
1091,245,138,0
1202,260,203,0
1143,224,274,0
1247,161,211,0
1245,133,219,0
857,147,346,0
712,125,344,0
668,155,340,0
659,247,358,0
742,304,406,0
873,313,385,0
1133,356,288,0
1221,461,342,0
1151,488,338,0
1194,416,353,0
1261,455,337,0
1505,404,140,0
1519,271,108,0
1179,138,124,0
1082,61,72,0
938,79,63,0
811,154,45,0
733,186,33,0
657,155,21,0
579,128,29,0
685,169,53,0
743,184,88,0
881,222,110,0
1102,256,182,0
1263,308,284,0
1585,305,229,0
1453,115,162,0
1008,-2,220,0
764,26,278,0
739,202,289,0
679,335,370,0
701,335,454,0
802,238,448,0
993,172,414,0
1218,189,390,0
1361,259,334,0
1480,423,443,0
1313,403,333,0
1518,282,97,0
1331,176,31,0
1110,132,46,0
917,123,83,0
726,152,73,0
646,206,34,0
650,191,6,0
647,154,-9,0
702,125,0,0
806,178,59,0
992,197,110,0
1253,244,139,0
1261,249,275,0
1317,209,271,0
1421,104,136,0
1059,78,141,0
793,94,243,0
718,159,362,0
728,236,386,0
761,240,388,0
848,245,368,0
1000,309,362,0
1224,416,398,0
1360,537,393,0
1474,506,405,0
1169,350,300,0
1465,283,102,0
1337,163,60,0
1159,98,51,0
973,90,79,0
837,162,99,0
785,237,76,0
737,207,17,0
686,115,-24,0
666,100,21,0
744,133,88,0
826,174,105,0
1209,201,103,0
1318,263,262,0
1534,254,279,0
1510,197,167,0
1076,204,209,0
778,34,270,0
740,55,304,0
707,190,382,0
760,267,417,0
816,305,397,0
944,300,334,0
1157,373,330,0
1161,428,343,0
1083,407,374,0
1173,425,379,0
1498,399,195,0
1455,279,132,0
1197,141,144,0
1077,76,72,0
923,120,54,0
884,192,97,0
855,184,69,0
803,105,1,0
669,43,8,0
738,85,58,0
896,172,101,0
1085,200,137,0
1034,231,274,0
1454,261,260,0
1368,194,222,0
929,153,318,0
657,16,364,0
608,87,441,0
638,192,448,0
773,263,435,0
934,276,359,0
1174,312,297,0
1190,348,294,0
1346,440,290,0
1382,510,318,0
1355,493,186,0
1513,341,63,0
1154,241,-39,0
921,199,15,0
827,109,49,0
686,103,53,0
577,179,100,0
635,194,67,0
684,150,24,0
854,146,50,0
1105,201,145,0
1182,260,218,0
1473,291,253,0
1184,241,355,0
1343,110,151,0
1324,-51,10,0
977,9,45,0
712,227,55,0
662,261,127,0
642,461,141,0
597,518,168,0
671,452,162,0
890,436,177,0
1148,558,289,0
1752,837,343,0
1460,497,222,0
1181,166,132,0
1382,189,-7,0
1212,175,81,0
1056,119,248,0
836,100,280,0
688,124,142,0
623,141,78,0
612,141,73,0
617,77,77,0
735,116,95,0
848,127,137,0
945,153,203,0
1270,256,293,0
1400,326,394,0
1548,218,215,0
1397,69,105,0
996,69,185,0
763,87,208,0
638,171,231,0
574,335,286,0
571,406,308,0
656,386,271,0
900,341,231,0
1153,387,264,0
1406,528,336,0
1488,541,409,0
1310,378,213,0
1539,341,58,0
1288,213,119,0
1109,64,150,0
906,51,154,0
734,112,131,0
664,190,107,0
616,185,85,0
616,125,52,0
721,115,48,0
888,118,70,0
1014,209,122,0
1352,260,129,0
1180,291,264,0
1298,316,253,0
1328,269,217,0
1036,160,255,0
765,-12,249,0
652,47,311,0
668,251,411,0
695,341,436,0
773,323,423,0
962,297,398,0
1210,318,371,0
1201,373,379,0
1246,377,406,0
1179,399,335,0
1578,437,182,0
1497,300,193,0
1116,145,200,0
954,83,144,0
812,116,117,0
803,170,112,0
755,109,44,0
643,44,27,0
608,59,48,0
643,154,100,0
756,205,161,0
1107,273,179,0
1162,326,345,0
1366,363,395,0
1623,257,175,0
1163,82,135,0
774,-85,195,0
602,-2,279,0
644,214,288,0
782,411,436,0
882,317,398,0
1154,274,328,0
1288,312,318,0
1340,383,308,0
1359,412,394,0
1240,394,310,0
1474,274,99,0
1293,115,26,0
1001,78,53,0
759,96,95,0
581,188,126,0
537,250,89,0
560,196,33,0
631,114,0,0
735,135,12,0
928,209,24,0
1154,326,73,0
1440,401,142,0
1174,390,353,0
1154,356,314,0
1532,168,78,0
1068,-10,137,0
696,-54,306,0
557,70,411,0
533,179,395,0
531,247,421,0
684,177,440,0
831,136,373,0
1162,194,298,0
1375,305,271,0
1499,384,297,0
1351,392,334,0
1391,387,105,0
1407,332,57,0
1095,178,79,0
853,128,69,0
670,117,66,0
551,179,76,0
498,212,78,0
541,193,78,0
631,149,74,0
788,171,85,0
1066,183,103,0
1266,238,136,0
1488,279,192,0
1145,323,375,0
1319,268,255,0
1254,154,108,0
875,93,142,0
673,100,196,0
529,207,256,0
507,349,324,0
583,327,324,0
656,249,313,0
859,244,341,0
1178,259,325,0
1409,278,284,0
1525,346,382,0
1372,386,393,0
1515,397,175,0
1458,245,120,0
1139,95,81,0
943,36,52,0
744,60,52,0
634,193,73,0
607,252,66,0
591,204,14,0
613,148,-7,0
726,162,2,0
861,210,55,0
1042,288,115,0
1323,325,183,0
1220,370,348,0
1381,239,239,0
1249,39,128,0
905,-75,201,0
729,29,315,0
685,204,425,0
653,294,441,0
669,270,431,0
789,228,427,0
1000,242,405,0
1253,294,390,0
1432,344,363,0
1516,417,466,0
1301,400,412,0
1475,284,168,0
1385,125,95,0
1179,-20,62,0
938,6,59,0
735,101,76,0
623,234,59,0
599,260,60,0
633,178,51,0
714,138,2,0
855,159,61,0
821,228,175,0
952,260,172,0
1095,274,292,0
1324,244,333,0
1399,61,184,0
1056,28,319,0
914,56,534,0
810,86,559,0
712,167,562,0
704,158,601,0
810,152,555,0
1100,213,449,0
1253,321,334,0
1313,406,260,0
1408,374,338,0
1325,445,254,0
1696,523,50,0
1415,368,73,0
1172,171,89,0
996,69,77,0
796,96,73,0
663,132,71,0
561,77,59,0
482,22,53,0
542,55,82,0
663,113,116,0
930,138,145,0
1489,227,192,0
1473,285,402,0
1736,317,376,0
1633,183,215,0
1066,28,180,0
791,-26,132,0
617,133,144,0
535,373,231,0
631,515,327,0
737,487,376,0
867,337,313,0
1142,285,262,0
1242,368,302,0
1416,490,374,0
1177,478,377,0
1412,394,164,0
1455,261,93,0
1266,116,91,0
1090,73,120,0
849,101,145,0
695,172,104,0
619,182,50,0
587,168,56,0
671,127,72,0
831,122,62,0
938,122,93,0
1066,188,142,0
1287,226,177,0
1305,276,234,0
1558,275,196,0
1277,240,226,0
855,227,291,0
723,136,268,0
623,208,330,0
613,259,498,0
673,219,403,0
885,219,333,0
1138,247,325,0
1206,299,300,0
1353,392,250,0
1306,464,360,0
1161,486,275,0
1453,414,113,0
1313,236,86,0
1089,141,111,0
916,85,97,0
772,114,82,0
710,156,80,0
654,147,63,0
629,113,60,0
741,131,66,0
889,164,75,0
1041,227,116,0
1350,302,166,0
1235,319,329,0
1465,330,284,0
1526,179,170,0
905,-14,280,0
595,-155,342,0
536,-46,290,0
471,200,290,0
463,387,351,0
608,385,312,0
932,363,252,0
1247,418,280,0
1254,558,352,0
1588,519,289,0
1382,386,174,0
1429,387,16,0
1420,247,65,0
1103,74,176,0
873,98,190,0
704,141,128,0
613,169,105,0
563,157,138,0
551,84,102,0
622,80,60,0
902,159,100,0
1071,257,138,0
1268,335,153,0
1443,403,204,0
1121,463,346,0
1348,379,237,0
1157,223,163,0
818,61,149,0
673,23,157,0
592,184,242,0
566,338,330,0
592,386,352,0
720,337,347,0
1002,328,297,0
1326,417,306,0
1374,517,347,0
1318,406,341,0
1245,458,251,0
1587,438,94,0
1361,251,133,0
1057,60,152,0
878,10,116,0
682,91,120,0
644,163,126,0
658,135,79,0
661,59,38,0
705,73,54,0
818,135,92,0
1019,203,149,0
1296,289,200,0
1211,346,387,0
1521,330,369,0
1400,158,168,0
884,0,203,0
783,-80,353,0
680,68,444,0
638,243,457,0
610,361,500,0
718,310,474,0
960,281,356,0
1223,319,280,0
1259,382,321,0
1375,332,300,0
1259,418,306,0
1438,439,141,0
1485,329,76,0
1085,162,128,0
884,95,110,0
774,91,93,0
673,142,109,0
618,133,118,0
573,63,106,0
608,55,115,0
775,112,152,0
922,134,180,0
1253,214,189,0
1606,287,273,0
1306,368,433,0
1633,230,209,0
1284,126,141,0
863,30,143,0
676,21,171,0
598,136,149,0
546,336,142,0
573,434,138,0
606,400,110,0
848,431,127,0
1399,550,288,0
1321,585,376,0
1398,545,389,0
1193,451,360,0
1456,241,143,0
1421,83,114,0
1125,-3,192,0
920,0,185,0
749,80,150,0
730,196,108,0
760,233,66,0
785,157,28,0
831,124,13,0
957,158,-3,0
1002,242,21,0
1225,294,11,0
1100,300,177,0
1017,337,265,0
1371,317,258,0
1101,248,286,0
743,94,269,0
641,14,311,0
743,191,358,0
811,320,413,0
849,310,434,0
825,279,420,0
984,287,375,0
1122,315,372,0
1253,296,328,0
1405,295,376,0
1259,271,303,0
1437,237,87,0
1397,163,4,0
1177,146,39,0
746,116,49,0
788,192,56,0
752,184,34,0
741,138,17,0
811,144,47,0
802,188,102,0
843,253,187,0
1054,254,201,0
1115,234,233,0
1295,215,270,0
1238,277,404,0
928,350,490,0
793,208,432,0
683,108,406,0
663,154,417,0
710,169,441,0
836,220,447,0
873,238,388,0
956,267,350,0
1079,279,352,0
1223,336,325,0
1570,434,482,0
1355,290,314,0
1341,201,114,0
1134,180,105,0
936,178,140,0
757,189,150,0
645,122,120,0
674,133,84,0
735,113,51,0
742,102,41,0
770,117,66,0
831,154,100,0
924,191,126,0
1249,244,147,0
1264,259,275,0
1256,301,357,0
1489,264,361,0
1125,145,363,0
727,-82,278,0
582,-55,282,0
624,182,378,0
709,295,447,0
801,287,426,0
920,245,388,0
1086,245,352,0
1145,315,349,0
1284,403,364,0
1416,439,453,0
1431,325,295,0
1485,193,112,0
1189,154,125,0
959,121,114,0
811,144,89,0
697,176,93,0
688,211,100,0
714,157,51,0
698,89,19,0
722,85,25,0
798,141,65,0
939,208,90,0
1239,267,136,0
1162,309,301,0
1507,323,277,0
1323,226,248,0
862,124,304,0
690,-59,325,0
699,5,375,0
705,176,467,0
805,265,512,0
867,277,465,0
1052,319,438,0
1257,398,396,0
1370,466,333,0
1623,385,309,0
1371,330,192,0
1527,307,92,0
1313,234,42,0
1068,196,63,0
843,170,92,0
671,174,91,0
592,189,78,0
573,131,32,0
541,90,24,0
642,105,61,0
746,151,110,0
981,182,98,0
1654,249,104,0
1235,257,298,0
1647,327,294,0
1302,271,288,0
841,250,259,0
702,59,231,0
670,82,299,0
631,227,351,0
699,294,276,0
759,375,286,0
926,416,391,0
1185,442,426,0
1524,496,446,0
1958,405,468,0
1575,134,235,0
1649,38,79,0
1493,107,60,0
1240,129,106,0
915,157,113,0
659,136,62,0
497,141,14,0
404,118,-10,0
365,105,21,0
373,93,36,0
462,121,9,0
634,149,49,0
1000,194,121,0
1731,280,183,0
1789,370,399,0
1939,250,277,0
1347,29,238,0
768,-70,227,0
714,1,200,0
547,210,301,0
524,404,403,0
526,463,509,0
550,322,472,0
631,264,387,0
950,334,427,0
1091,355,413,0
814,205,384,0
568,176,405,0
1319,670,198,0
1943,949,289,0
1762,535,37,0
1750,51,-9,0
1271,-119,-52,0
1020,88,-55,0
971,197,104,0
800,90,116,0
545,-122,-65,0
622,-255,-211,0
825,-160,-206,0
1195,-58,-332,0
1352,239,-35,0
1468,291,91,0
1402,194,195,0
1201,314,293,0
1170,313,289,0
1139,207,289,0
1083,-66,382,0
985,-69,521,0
922,189,534,0
890,473,483,0
1190,680,457,0
1825,723,259,0
1998,531,2,0
1898,279,23,0
1523,121,73,0
1385,101,24,0
1106,304,43,0
966,303,78,0
937,-55,-2,0
652,-204,-95,0
502,-190,-106,0
359,-48,-37,0
413,129,19,0
703,231,77,0
1377,534,285,0
1875,499,295,0
1650,525,239,0
1403,453,351,0
1012,33,446,0
923,-186,450,0
996,-70,536,0
1081,242,548,0
1113,681,489,0
1092,793,439,0
1245,725,410,0
1439,620,319,0
1739,549,78,0
1975,255,-81,0
1490,111,17,0
1199,104,76,0
998,113,77,0
862,201,64,0
767,111,32,0
659,-77,-12,0
486,-84,-20,0
450,-37,-6,0
435,65,45,0
734,168,66,0
1132,406,263,0
1640,592,396,0
1926,528,161,0
1480,552,178,0
968,190,193,0
808,-200,218,0
761,-82,330,0
829,206,528,0
900,481,573,0
950,659,457,0
1124,681,416,0
1799,703,493,0
1659,275,299,0
1835,126,50,0
1802,124,-25,0
1413,160,31,0
995,194,87,0
741,157,18,0
572,128,2,0
501,60,-18,0
379,19,-3,0
383,35,-8,0
522,49,-11,0
614,96,61,0
884,282,167,0
1551,398,227,0
1647,457,281,0
1975,287,140,0
1462,313,222,0
982,65,232,0
789,-18,175,0
693,171,246,0
771,386,450,0
790,519,580,0
827,447,413,0
1108,503,435,0
1391,589,509,0
1794,431,373,0
1613,147,86,0
1935,143,-46,0
1559,233,41,0
1201,272,155,0
963,214,129,0
748,162,25,0
582,103,-26,0
440,5,-24,0
385,6,65,0
500,58,61,0
639,91,0,0
736,200,101,0
1122,250,160,0
1815,280,185,0
1998,421,259,0
1636,345,263,0
937,100,240,0
695,-133,229,0
745,-6,216,0
774,251,326,0
885,520,491,0
1021,619,528,0
1153,593,427,0
1346,696,469,0
1569,448,372,0
1656,366,73,0
1990,290,-147,0
1688,129,5,0
1270,147,114,0
1047,184,25,0
849,208,-31,0
675,124,-25,0
522,2,13,0
366,-68,36,0
274,-43,7,0
405,66,-6,0
673,164,70,0
955,317,185,0
1569,308,175,0
1917,425,283,0
1995,351,202,0
1447,238,217,0
789,100,278,0
807,188,410,0
783,399,730,0
674,369,717,0
669,384,554,0
841,373,466,0
1116,283,313,0
1131,271,205,0
1513,423,254,0
1738,591,214,0
1902,679,165,0
1856,391,162,0
1487,136,98,0
1123,-21,55,0
755,-120,77,0
473,-132,106,0
293,-73,126,0
190,-44,114,0
209,16,87,0
378,57,63,0
555,151,110,0
1118,254,132,0
1857,331,205,0
1998,517,338,0
1847,476,291,0
1112,264,271,0
722,-184,274,0
721,-168,353,0
650,113,431,0
608,393,480,0
676,543,397,0
802,572,259,0
996,656,312,0
1136,716,302,0
1677,531,189,0
1813,486,52,0
1907,288,21,0
1517,85,57,0
1204,48,61,0
911,56,67,0
681,107,72,0
523,69,59,0
397,14,38,0
316,-5,55,0
394,44,65,0
552,70,74,0
804,171,143,0
1497,293,184,0
1816,398,319,0
1998,440,227,0
1674,307,181,0
852,46,245,0
641,-114,250,0
736,47,249,0
775,338,369,0
756,520,351,0
689,550,242,0
907,528,203,0
1203,619,316,0
1563,868,458,0
1633,662,379,0
1694,489,50,0
1907,266,-89,0
1493,-16,27,0
1111,-156,124,0
764,-38,132,0
591,105,96,0
499,197,90,0
517,169,38,0
603,110,-7,0
703,79,-11,0
745,107,52,0
1017,186,87,0
1222,273,189,0
1555,376,241,0
1793,369,299,0
1227,286,354,0
800,-23,380,0
785,-271,488,0
816,-142,499,0
897,112,499,0
896,400,483,0
942,627,419,0
1097,733,432,0
1209,625,435,0
1640,454,337,0
1687,366,91,0
1990,292,0,0
1606,128,75,0
1255,87,85,0
972,102,75,0
709,135,106,0
559,69,99,0
492,-3,65,0
425,-49,55,0
406,-3,68,0
476,73,100,0
709,258,186,0
1326,326,278,0
1822,412,419,0
1998,300,321,0
1558,306,392,0
901,62,354,0
699,-103,242,0
635,57,278,0
675,294,382,0
793,482,403,0
923,557,211,0
1004,565,137,0
1114,689,315,0
1347,761,355,0
1366,733,259,0
1898,733,53,0
1825,339,12,0
1521,24,16,0
1249,-154,48,0
883,-107,118,0
624,42,167,0
492,59,135,0
417,17,103,0
405,-33,78,0
478,-4,73,0
644,69,136,0
1290,416,300,0
1650,470,434,0
1854,302,286,0
1805,219,133,0
1202,154,139,0
857,102,171,0
655,211,300,0
685,306,328,0
670,429,347,0
740,439,301,0
866,392,212,0
1043,543,200,0
1329,805,343,0
1546,784,423,0
1436,453,186,0
1843,391,19,0
1540,258,56,0
1311,90,123,0
1053,53,139,0
833,87,133,0
743,136,107,0
645,62,49,0
523,17,21,0
489,30,42,0
558,48,48,0
890,172,56,0
1386,303,191,0
1591,397,317,0
1922,384,242,0
1186,331,300,0
880,-25,171,0
843,-285,190,0
818,-120,251,0
795,214,94,0
837,627,93,0
871,941,207,0
1006,1017,290,0
1132,935,350,0
1442,726,306,0
1377,444,126,0
1925,298,-149,0
1667,121,-81,0
1372,5,23,0
1130,60,79,0
904,207,133,0
846,274,188,0
927,144,60,0
877,69,-22,0
889,115,66,0
903,160,153,0
1003,173,190,0
1256,138,125,0
1490,192,44,0
1261,240,180,0
1041,300,312,0
892,218,293,0
689,181,302,0
531,122,317,0
535,144,348,0
655,221,339,0
820,266,304,0
920,308,300,0
923,349,300,0
1001,391,347,0
1018,491,438,0
1434,548,414,0
1667,414,340,0
1765,234,211,0
1599,108,133,0
1132,80,114,0
842,112,140,0
642,146,193,0
589,147,153,0
514,59,68,0
484,17,38,0
555,53,45,0
657,125,63,0
776,184,123,0
1211,294,162,0
1457,356,299,0
1628,393,344,0
1773,292,248,0
1140,143,338,0
677,-162,328,0
613,-148,350,0
625,127,402,0
666,347,469,0
696,445,493,0
830,423,399,0
1106,429,384,0
1162,494,397,0
1529,448,332,0
1512,350,260,0
1687,338,106,0
1736,231,102,0
1280,123,111,0
1009,108,67,0
746,85,58,0
563,164,109,0
538,121,116,0
498,2,74,0
401,-49,10,0
463,41,17,0
589,152,101,0
837,304,167,0
1460,348,198,0
1714,360,324,0
1975,403,326,0
1476,381,305,0
917,125,303,0
668,-100,317,0
633,39,387,0
545,209,479,0
536,347,531,0
674,474,506,0
1037,522,401,0
1437,508,255,0
1786,412,301,0
1723,204,152,0
1724,350,53,0
1560,354,31,0
1156,262,45,0
928,153,25,0
712,76,-4,0
606,117,-19,0
592,141,-41,0
569,137,-73,0
567,106,-79,0
608,149,-18,0
757,250,50,0
1139,282,6,0
1411,309,99,0
1839,362,187,0
1478,319,333,0
1007,338,396,0
899,-73,389,0
810,-136,434,0
803,31,503,0
793,202,511,0
864,359,386,0
1023,472,301,0
1136,498,272,0
1498,476,293,0
1639,496,276,0
1769,489,95,0
1744,270,-48,0
1201,129,-58,0
990,55,-57,0
752,69,1,0
577,181,107,0
549,153,94,0
522,30,4,0
490,40,-28,0
502,74,50,0
663,274,119,0
1062,512,189,0
1237,477,219,0
1478,398,172,0
1696,783,226,0
1116,995,333,0
899,-140,528,0
442,781,501,0
53,1005,421,0
158,374,205,0
334,442,239,0
886,220,373,0
1359,521,506,0
1505,1050,473,0
1759,745,150,0
1912,621,-191,0
1423,181,-178,0
904,143,39,0
646,194,96,0
423,247,56,0
357,299,70,0
343,215,82,0
421,132,51,0
489,43,2,0
635,86,29,0
842,182,99,0
1391,380,184,0
1692,525,498,0
1807,380,387,0
1581,135,149,0
852,-35,215,0
564,-191,324,0
478,-94,341,0
367,211,429,0
440,407,491,0
530,357,374,0
742,327,337,0
1163,375,389,0
1466,548,448,0
1880,546,341,0
1765,179,46,0
1732,225,9,0
1233,193,149,0
826,184,261,0
702,162,178,0
505,96,88,0
385,34,64,0
309,-17,89,0
324,-49,92,0
297,-49,79,0
379,-13,121,0
510,-12,152,0
1343,317,170,0
1998,704,451,0
1998,606,490,0
1638,583,472,0
1312,447,285,0
1050,274,297,0
864,217,346,0
555,343,483,0
341,449,488,0
1079,819,314,0
1994,1350,-44,0
1998,328,-179,0
1949,116,33,0
1646,93,18,0
1473,463,-40,0
1412,559,53,0
1180,93,38,0
1043,-151,8,0
761,-459,-103,0
520,-411,-62,0
219,-155,131,0
359,160,162,0
700,466,166,0
1239,484,404,0
1501,377,437,0
1957,499,185,0
1788,479,295,0
1469,-21,241,0
996,-110,348,0
957,-65,541,0
1168,329,434,0
913,871,374,0
1310,1082,225,0
1483,910,274,0
1596,598,199,0
1706,242,134,0
1340,178,92,0
1232,183,55,0
1136,197,98,0
1061,190,101,0
997,92,38,0
867,-24,-29,0
720,-76,-67,0
532,15,8,0
443,115,98,0
740,222,110,0
1011,258,168,0
1631,292,265,0
1793,244,277,0
1382,276,331,0
1002,-49,307,0
1043,-108,372,0
1054,101,515,0
1038,287,497,0
1009,468,380,0
996,631,321,0
1059,850,335,0
1573,869,367,0
1426,611,267,0
1871,491,-11,0
1846,312,-101,0
1648,118,-46,0
1406,34,41,0
1024,140,133,0
847,85,78,0
653,-68,11,0
441,-142,-18,0
330,-98,25,0
396,-2,44,0
447,142,164,0
1007,258,240,0
1704,192,206,0
1978,200,101,0
1987,287,20,0
1523,329,141,0
1030,192,80,0
974,247,95,0
1025,340,189,0
940,496,201,0
848,640,74,0
901,751,-15,0
1009,1038,65,0
1481,1232,266,0
1304,705,173,0
1822,743,-58,0
1998,335,-276,0
1920,-33,-224,0
1456,-238,-58,0
988,-57,95,0
926,95,114,0
803,50,-71,0
581,2,-115,0
420,36,44,0
378,27,50,0
535,102,70,0
1087,166,50,0
1620,250,107,0
1996,291,74,0
1981,363,120,0
1496,375,242,0
975,100,219,0
889,107,314,0
959,179,378,0
886,459,248,0
866,763,85,0
919,881,70,0
985,835,219,0
1311,779,353,0
1453,731,303,0
1977,620,-112,0
1995,284,-190,0
1844,-37,-153,0
1465,-117,-79,0
1098,-2,73,0
941,89,64,0
792,117,25,0
661,86,-7,0
626,81,39,0
622,123,100,0
798,360,115,0
968,534,74,0
1273,622,-58,0
1386,672,-95,0
1099,415,79,0
972,84,227,0
845,-2,232,0
802,155,170,0
793,315,130,0
837,463,198,0
929,463,298,0
964,386,350,0
1089,329,308,0
1132,398,319,0
1262,513,389,0
1304,514,403,0
1252,407,300,0
1446,264,165,0
1296,110,134,0
1001,55,116,0
832,72,80,0
734,142,70,0
730,221,72,0
759,240,55,0
798,173,17,0
802,114,-11,0
805,188,55,0
911,269,122,0
1082,269,124,0
1197,269,188,0
1498,302,220,0
1297,263,265,0
807,293,398,0
724,93,409,0
641,-43,413,0
645,15,483,0
693,149,540,0
817,260,438,0
1072,391,301,0
1261,517,308,0
1407,538,363,0
1610,467,321,0
1314,417,169,0
1603,369,74,0
1248,221,114,0
975,130,92,0
818,74,89,0
698,64,148,0
576,87,109,0
473,92,35,0
470,117,31,0
623,187,66,0
766,265,194,0
954,299,310,0
1322,286,289,0
1289,271,293,0
1786,196,139,0
1555,105,180,0
886,72,243,0
680,45,219,0
606,187,271,0
565,366,399,0
586,403,488,0
702,307,389,0
1001,332,285,0
1268,503,303,0
1536,663,381,0
1589,369,291,0
1236,309,173,0
1532,336,51,0
1276,263,123,0
1024,146,172,0
826,89,121,0
644,84,122,0
552,136,125,0
521,123,108,0
533,92,104,0
692,112,72,0
863,117,57,0
1128,200,91,0
1548,291,184,0
1419,352,337,0
1880,281,182,0
1230,156,193,0
777,-72,184,0
628,-71,167,0
567,195,290,0
589,412,419,0
644,428,419,0
820,346,272,0
1128,489,167,0
1317,844,369,0
1382,655,315,0
1428,443,232,0
1510,591,113,0
1733,540,62,0
1357,252,117,0
1118,54,91,0
920,-1,25,0
769,74,41,0
659,142,81,0
602,121,51,0
557,38,0,0
637,68,14,0
683,107,66,0
889,184,95,0
1298,285,144,0
1422,360,287,0
1962,435,225,0
1498,339,181,0
942,40,192,0
716,-258,248,0
742,-23,306,0
770,289,415,0
793,450,360,0
862,570,274,0
1084,697,251,0
1232,768,307,0
1626,633,335,0
1402,421,278,0
1529,512,96,0
1520,421,-5,0
1348,200,53,0
1112,49,88,0
885,52,60,0
751,113,45,0
697,145,44,0
636,115,15,0
592,66,7,0
708,94,26,0
736,123,76,0
962,199,99,0
1345,258,153,0
1464,348,277,0
1951,427,263,0
1387,305,219,0
920,33,139,0
752,-142,154,0
712,109,269,0
775,360,431,0
828,467,476,0
840,431,392,0
1090,424,384,0
1142,462,401,0
1202,485,432,0
1472,453,430,0
1886,365,127,0
1829,183,-10,0
1410,22,33,0
1095,22,95,0
918,126,79,0
761,229,47,0
654,204,35,0
598,63,-7,0
494,8,-20,0
516,45,11,0
565,134,100,0
811,185,129,0
1239,275,185,0
1449,340,272,0
1964,386,150,0
1693,386,288,0
986,117,387,0
823,-146,373,0
861,31,398,0
829,307,402,0
731,486,405,0
772,587,371,0
958,628,310,0
1085,632,313,0
1306,582,335,0
1510,510,321,0
1756,473,203,0
1995,255,-13,0
1694,79,5,0
1223,26,62,0
835,57,135,0
683,120,144,0
517,29,61,0
347,-11,13,0
291,-5,40,0
395,49,73,0
492,108,87,0
781,216,130,0
1400,305,167,0
1636,329,325,0
1994,346,208,0
1751,306,169,0
1027,112,205,0
787,-62,254,0
792,84,271,0
792,346,363,0
703,512,438,0
685,519,330,0
1125,622,344,0
1339,587,330,0
1616,406,316,0
1515,350,245,0
1792,279,64,0
1648,173,67,0
1294,93,90,0
958,88,91,0
689,108,101,0
582,126,82,0
497,83,41,0
456,52,35,0
578,73,41,0
653,111,75,0
882,202,114,0
1350,228,105,0
1403,282,270,0
1893,360,266,0
1589,351,309,0
947,199,336,0
717,-89,303,0
765,-16,379,0
793,194,460,0
819,318,492,0
780,387,394,0
926,497,338,0
1172,599,373,0
1474,586,376,0
1563,443,291,0
1620,378,162,0
1810,219,60,0
1446,88,0,0
1141,69,23,0
811,78,103,0
629,148,123,0
495,97,64,0
398,25,29,0
384,10,44,0
488,83,77,0
615,236,159,0
878,446,259,0
1310,311,249,0
1536,266,242,0
1950,237,230,0
1519,235,286,0
920,189,281,0
726,73,260,0
714,163,345,0
670,272,492,0
702,354,504,0
825,359,387,0
1064,429,411,0
1291,491,413,0
1434,482,367,0
1532,311,323,0
1677,270,113,0
1741,225,61,0
1383,142,70,0
1036,116,69,0
760,135,57,0
580,186,97,0
538,154,67,0
492,31,14,0
495,23,-1,0
546,55,18,0
610,123,82,0
902,203,129,0
1458,298,184,0
1490,348,355,0
1927,353,274,0
1507,284,242,0
927,-3,320,0
776,-250,343,0
737,-36,381,0
685,253,442,0
697,427,423,0
737,489,371,0
974,483,295,0
1179,566,331,0
1522,593,356,0
1619,418,270,0
1836,347,47,0
1711,197,-11,0
1308,84,28,0
1019,71,83,0
748,128,131,0
610,176,133,0
571,98,79,0
504,-21,11,0
487,-12,25,0
578,63,72,0
740,152,122,0
1253,306,174,0
1462,303,250,0
1810,254,222,0
1791,321,185,0
1183,255,242,0
820,34,272,0
732,57,328,0
710,247,417,0
708,382,455,0
774,441,402,0
962,461,321,0
1119,511,279,0
1158,570,296,0
1540,513,312,0
1466,487,192,0
1865,445,54,0
1625,244,125,0
1369,73,84,0
1092,41,23,0
848,55,49,0
697,118,109,0
635,101,143,0
546,47,127,0
416,26,49,0
431,-31,-31,0
632,27,70,0
1130,158,201,0
1652,255,247,0
1998,272,201,0
1684,359,366,0
1058,171,416,0
806,-20,347,0
771,100,391,0
776,199,471,0
803,360,435,0
826,512,307,0
952,608,243,0
1151,645,283,0
1647,595,312,0
1408,439,247,0
1696,447,83,0
1712,296,53,0
1421,164,62,0
1163,62,54,0
851,28,73,0
631,65,83,0
497,43,68,0
378,32,72,0
441,33,78,0
539,58,66,0
695,102,123,0
1202,255,178,0
1721,278,257,0
1983,310,247,0
1812,289,225,0
1104,181,243,0
772,-28,193,0
693,39,203,0
721,228,287,0
780,421,340,0
791,543,298,0
892,554,178,0
1076,639,281,0
1208,732,385,0
1445,551,376,0
1570,491,149,0
1969,337,4,0
1616,107,79,0
1406,-21,91,0
1060,6,108,0
767,96,118,0
571,93,96,0
442,27,61,0
387,-15,45,0
391,20,93,0
526,78,132,0
796,232,197,0
1415,223,208,0
1642,195,254,0
1998,212,169,0
1733,279,198,0
1036,215,221,0
764,63,225,0
763,173,267,0
714,370,347,0
750,503,374,0
770,533,287,0
938,603,252,0
1052,712,362,0
1287,585,293,0
1473,460,261,0
1577,466,122,0
1898,326,43,0
1546,163,62,0
1263,127,64,0
1041,123,59,0
869,189,65,0
743,190,59,0
620,63,37,0
575,-3,25,0
577,-8,13,0
582,54,54,0
789,204,158,0
1198,313,209,0
1506,299,191,0
1994,307,113,0
1536,391,333,0
949,306,419,0
926,62,305,0
927,96,367,0
914,218,494,0
821,321,456,0
877,462,292,0
1012,667,235,0
1053,750,292,0
1347,633,296,0
1446,578,257,0
1829,505,85,0
1810,275,33,0
1449,96,13,0
1205,74,1,0
938,102,55,0
791,186,144,0
750,65,69,0
531,-52,-7,0
429,-45,4,0
469,12,67,0
500,85,127,0
970,-68,3,0
1696,707,298,0
1861,614,574,0
1863,628,454,0
1350,255,259,0
846,277,296,0
662,354,355,0
662,365,357,0
694,316,389,0
783,266,351,0
898,307,277,0
1083,447,260,0
1316,550,297,0
1786,549,336,0
1596,453,161,0
1898,339,62,0
1578,197,112,0
1279,149,90,0
1015,93,92,0
702,28,101,0
476,-26,83,0
391,-14,87,0
381,-26,80,0
338,11,106,0
497,56,115,0
651,145,184,0
1149,292,236,0
1645,253,230,0
1996,268,118,0
1926,304,190,0
1191,300,400,0
810,12,422,0
798,-55,259,0
732,156,212,0
689,551,-10,0
662,1034,-117,0
841,1213,74,0
1005,724,143,0
1194,574,203,0
1523,764,211,0
1672,743,7,0
1998,561,-204,0
1818,155,-175,0
1475,-102,-78,0
1084,-117,40,0
798,15,160,0
655,80,133,0
508,47,67,0
430,-9,43,0
393,-15,70,0
480,46,132,0
669,141,206,0
1312,275,261,0
1709,301,293,0
1998,314,131,0
1768,329,241,0
1106,174,338,0
811,-61,289,0
820,-55,317,0
855,133,165,0
818,580,-39,0
706,851,-118,0
758,962,19,0
923,888,197,0
1294,783,215,0
1455,726,184,0
1761,568,-114,0
1918,456,-181,0
1572,197,-57,0
1334,-12,18,0
998,-37,84,0
760,54,139,0
648,48,122,0
543,12,92,0
460,-27,64,0
459,10,104,0
615,58,179,0
991,109,187,0
1558,170,201,0
1933,268,211,0
1995,350,111,0
1532,346,252,0
973,170,221,0
799,178,111,0
841,380,99,0
563,919,332,0
734,1010,287,0
1114,651,263,0
1263,358,252,0
1870,316,197,0
1777,522,131,0
1998,519,74,0
1829,184,77,0
1471,109,80,0
1090,56,48,0
780,-33,36,0
545,-54,47,0
348,-53,50,0
225,-17,102,0
271,32,102,0
352,110,93,0
580,271,172,0
1076,550,336,0
1539,573,327,0
1936,314,152,0
1863,543,288,0
1223,367,361,0
775,216,264,0
646,198,246,0
658,286,317,0
608,381,422,0
688,417,386,0
850,431,321,0
1087,528,372,0
1418,693,404,0
1710,553,333,0
1620,305,82,0
1866,164,-23,0
1498,117,17,0
1140,141,83,0
853,186,134,0
612,202,106,0
515,162,60,0
441,39,19,0
337,15,40,0
478,99,82,0
613,149,131,0
769,186,183,0
1135,185,208,0
1673,160,185,0
1982,241,102,0
1854,302,228,0
1115,285,504,0
858,71,371,0
815,-73,316,0
774,9,71,0
715,543,73,0
765,1044,146,0
846,1193,265,0
953,703,258,0
1070,586,222,0
1533,677,168,0
1537,681,127,0
1691,545,60,0
1582,323,16,0
1394,160,-49,0
1239,48,-43,0
1030,7,55,0
783,87,100,0
674,157,60,0
626,141,-10,0
541,102,-37,0
516,136,21,0
635,173,78,0
1042,291,153,0
1103,331,341,0
1563,389,271,0
1552,400,269,0
1089,325,392,0
878,-66,411,0
898,-258,512,0
882,-51,491,0
835,272,503,0
909,519,615,0
1021,542,540,0
1073,407,401,0
1066,228,292,0
1326,172,184,0
1674,297,153,0
1384,393,72,0
1435,366,65,0
1106,236,49,0
916,227,-31,0
821,248,52,0
662,352,200,0
539,23,-71,0
469,-25,-120,0
464,41,-10,0
515,219,80,0
588,222,78,0
733,221,125,0
1203,252,186,0
1677,366,396,0
1798,468,417,0
1670,135,316,0
1045,-125,501,0
746,-321,478,0
624,-105,447,0
562,265,493,0
550,328,563,0
616,248,472,0
797,192,312,0
1075,235,193,0
1213,398,208,0
1588,415,272,0
1625,349,177,0
1794,292,27,0
1429,163,95,0
877,130,108,0
688,120,75,0
557,155,138,0
474,162,163,0
432,84,111,0
448,21,75,0
529,76,77,0
670,210,167,0
829,289,228,0
1290,309,192,0
1525,316,273,0
1702,359,377,0
1462,402,559,0
1061,171,405,0
780,-162,288,0
681,-89,375,0
561,158,449,0
548,360,495,0
775,439,474,0
906,420,319,0
1502,414,236,0
1906,305,-51,0
1590,230,15,0
1148,156,117,0
1139,292,102,0
908,410,246,0
767,48,227,0
538,-322,37,0
336,-431,70,0
424,-157,147,0
296,-85,177,0
141,-72,225,0
330,227,323,0
787,1751,374,0
1266,1531,481,0
1293,616,700,0
767,235,567,0
578,425,552,0
501,440,478,0
398,481,345,0
333,558,414,0
351,458,410,0
594,459,344,0
1693,617,312,0
1998,578,-219,0
1943,351,-229,0
1221,136,110,0
876,22,258,0
627,283,309,0
408,465,318,0
233,11,206,0
187,-41,203,0
470,32,165,0
792,216,202,0
1314,251,86,0
1562,332,-6,0
1137,461,292,0
1268,447,536,0
1058,232,522,0
748,239,311,0
593,-76,293,0
443,-121,449,0
431,102,517,0
607,200,489,0
785,225,465,0
946,202,439,0
1189,255,363,0
1648,372,305,0
1546,414,374,0
1479,272,180,0
1229,162,82,0
983,186,103,0
811,143,173,0
696,154,194,0
635,174,159,0
656,144,117,0
615,108,61,0
668,265,83,0
924,463,189,0
930,436,279,0
1195,295,311,0
1158,372,366,0
1251,382,266,0
1182,515,346,0
834,424,406,0
563,426,390,0
416,474,368,0
361,490,383,0
371,485,362,0
414,560,369,0
534,696,377,0
764,848,414,0
1001,825,390,0
1075,949,456,0
1067,1023,400,0
1195,902,263,0
1003,708,248,0
820,567,231,0
631,452,195,0
526,446,212,0
520,463,194,0
491,465,206,0
551,585,294,0
638,638,447,0
636,607,469,0
566,882,629,0
537,892,840,0
491,753,835,0
519,939,948,0
413,677,862,0
300,350,739,0
141,360,686,0
94,450,656,0
62,583,740,0
8,736,849,0
-34,771,697,0
-188,677,667,0
-357,459,668,0
-296,750,569,0
-333,883,542,0
-306,687,481,0
-129,702,492,0
53,998,545,0
-17,797,525,0
-128,576,460,0
-194,444,326,0
-244,681,314,0
-258,905,395,0
-236,914,450,0
-19,1064,424,0
-5,939,420,0
-93,776,475,0
-250,721,556,0
-380,635,545,0
-470,630,457,0
-556,663,435,0
-465,947,530,0
-374,665,465,0
-197,354,383,0
-52,397,470,0
155,250,488,0
492,134,471,0
660,556,517,0
674,432,597,0
963,521,583,0
857,443,475,0
969,236,398,0
1174,270,445,0
1246,330,446,0
1207,372,419,0
1216,312,398,0
1182,292,361,0
1205,379,379,0
1290,544,472,0
1314,599,334,0
1578,495,124,0
1227,248,74,0
951,90,43,0
882,39,22,0
723,122,41,0
635,265,88,0
660,331,98,0
743,289,94,0
926,230,56,0
929,201,81,0
1029,224,120,0
1046,260,195,0
857,272,273,0
1217,287,271,0
1207,211,283,0
899,169,298,0
653,94,385,0
674,144,478,0
748,217,493,0
799,213,495,0
888,175,480,0
1077,203,377,0
1249,269,289,0
1286,303,290,0
1401,360,310,0
1300,424,308,0
1217,388,120,0
1278,248,15,0
1126,116,1,0
875,94,3,0
700,141,52,0
626,222,84,0
623,271,68,0
739,257,45,0
813,190,36,0
842,190,77,0
1000,215,144,0
1266,244,158,0
1177,204,255,0
1413,187,254,0
1051,146,334,0
669,45,304,0
547,68,326,0
624,211,420,0
754,253,433,0
863,206,351,0
998,244,314,0
1170,332,303,0
1398,457,319,0
1523,586,462,0
1223,470,358,0
1423,268,51,0
1324,133,-50,0
1039,40,47,0
827,92,149,0
748,190,143,0
691,256,84,0
757,247,50,0
777,163,18,0
776,161,77,0
846,167,153,0
962,153,150,0
1212,155,125,0
1108,181,237,0
1393,222,259,0
1375,201,217,0
890,230,270,0
587,123,318,0
560,111,358,0
652,215,401,0
786,277,433,0
883,306,387,0
1112,375,348,0
1347,455,390,0
1480,522,464,0
1475,418,305,0
1611,308,-16,0
1598,158,-105,0
1222,88,-9,0
931,137,103,0
737,234,107,0
776,264,37,0
807,202,-22,0
831,146,-32,0
880,138,21,0
962,155,102,0
1028,153,135,0
1074,136,134,0
1090,157,211,0
1413,216,217,0
1300,215,201,0
872,198,222,0
574,38,224,0
551,127,200,0
724,299,249,0
922,427,348,0
1092,440,291,0
1296,437,230,0
1228,485,374,0
1288,522,425,0
1192,558,414,0
1366,451,224,0
1493,269,45,0
1382,94,10,0
1178,-15,61,0
983,16,86,0
906,158,80,0
924,249,27,0
835,262,-30,0
858,217,-34,0
982,217,13,0
1003,221,85,0
1007,223,101,0
920,199,127,0
928,189,160,0
1222,171,117,0
1227,132,215,0
870,142,361,0
627,121,386,0
599,112,473,0
742,130,520,0
967,97,471,0
1158,147,393,0
1217,359,359,0
1280,472,409,0
1229,485,381,0
1236,508,374,0
1025,434,343,0
1232,294,176,0
1341,185,34,0
1364,127,-13,0
1286,115,58,0
1131,131,63,0
1021,212,42,0
987,246,18,0
912,216,17,0
872,149,59,0
821,86,81,0
801,48,107,0
866,73,143,0
945,75,143,0
1256,118,96,0
1515,208,189,0
1099,293,372,0
712,307,349,0
649,114,160,0
661,209,105,0
710,394,402,0
1009,507,503,0
1140,481,351,0
1408,275,352,0
1522,45,303,0
1500,252,420,0
1443,510,497,0
1709,387,201,0
1748,166,16,0
1817,-105,-59,0
1298,-135,-196,0
922,0,-226,0
631,278,-74,0
549,437,7,0
620,209,-47,0
653,-14,-96,0
603,-19,3,0
782,127,105,0
1033,234,106,0
1153,256,92,0
1596,361,88,0
1710,293,209,0
1187,365,399,0
698,267,541,0
678,40,475,0
848,66,463,0
922,207,556,0
1027,303,564,0
1152,331,390,0
1237,459,334,0
1515,494,368,0
1342,481,399,0
1639,425,177,0
1840,266,-60,0
1650,109,-132,0
1304,90,-31,0
947,125,50,0
737,222,49,0
628,279,44,0
761,446,179,0
729,364,24,0
650,223,-81,0
836,109,16,0
894,117,139,0
1025,182,229,0
979,224,336,0
1024,146,306,0
1475,84,266,0
1636,164,346,0
1106,228,439,0
776,116,528,0
796,45,435,0
734,215,342,0
790,368,304,0
930,503,352,0
1079,475,302,0
1087,423,330,0
1281,434,440,0
1341,501,399,0
1859,435,54,0
1964,147,-116,0
1722,-36,-94,0
1335,-37,16,0
962,94,102,0
699,185,91,0
523,91,50,0
407,15,25,0
292,-20,39,0
264,21,80,0
444,83,137,0
684,123,224,0
1019,114,230,0
1582,81,187,0
1990,281,319,0
1998,332,285,0
1711,154,246,0
891,-185,242,0
716,-231,0,0
598,272,-33,0
560,684,86,0
591,855,138,0
575,795,205,0
708,649,285,0
1027,513,415,0
1179,499,352,0
1483,519,228,0
1526,526,118,0
1938,289,-85,0
1659,42,14,0
1303,-69,127,0
999,42,191,0
827,199,174,0
778,245,123,0
704,100,23,0
572,13,8,0
530,22,73,0
659,94,130,0
754,113,166,0
1024,171,205,0
1382,233,276,0
1922,364,282,0
1782,256,219,0
1054,46,241,0
761,-184,319,0
798,-67,265,0
810,233,319,0
877,497,312,0
907,681,214,0
967,726,206,0
1064,659,311,0
1303,639,339,0
1232,712,348,0
1471,768,134,0
1794,532,-45,0
1550,174,-38,0
1412,-82,-16,0
1110,-96,55,0
911,76,171,0
836,188,134,0
741,126,30,0
667,35,28,0
580,0,118,0
601,69,202,0
776,112,207,0
1056,160,238,0
1316,231,288,0
1926,315,236,0
1697,317,212,0
1101,165,211,0
829,-53,286,0
879,88,284,0
934,331,321,0
853,506,342,0
941,639,209,0
969,699,175,0
976,766,299,0
1456,855,410,0
1386,664,175,0
1869,576,-213,0
1881,258,-312,0
1676,-63,-204,0
1334,-100,-1,0
994,134,83,0
948,262,31,0
817,117,-42,0
569,-8,-56,0
464,7,58,0
591,59,158,0
616,75,192,0
750,60,144,0
1165,43,112,0
1793,226,147,0
1998,381,64,0
1826,393,165,0
1103,268,229,0
843,105,149,0
786,280,140,0
797,375,202,0
767,510,224,0
792,644,182,0
908,698,196,0
1075,791,310,0
1608,880,410,0
1348,604,375,0
1819,576,103,0
1998,339,-117,0
1905,-67,-49,0
1387,-202,144,0
994,-27,166,0
785,27,30,0
574,47,-7,0
455,76,15,0
342,70,37,0
236,96,93,0
517,147,220,0
887,117,268,0
1204,91,213,0
1888,151,207,0
1998,251,251,0
1762,163,214,0
971,38,363,0
789,-55,375,0
792,147,284,0
766,438,407,0
776,610,450,0
820,591,428,0
873,510,471,0
962,334,423,0
1036,323,321,0
1380,465,243,0
1358,549,369,0
1446,490,290,0
1562,287,213,0
1362,155,168,0
1251,165,181,0
1111,330,257,0
997,364,262,0
878,302,339,0
431,99,377,0
306,176,554,0
328,272,628,0
264,413,674,0
366,798,818,0
224,738,878,0
194,571,835,0
249,613,900,0
170,504,876,0
55,364,781,0
-45,373,818,0
-55,529,769,0
-5,366,750,0
-21,437,756,0
-40,493,812,0
110,443,929,0
203,522,968,0
114,390,997,0
-105,509,839,0
-106,304,772,0
90,47,588,0
271,-52,221,0
539,645,575,0
505,1223,1157,0
-129,787,794,0
253,1034,1009,0
262,302,882,0
-233,692,690,0
290,608,709,0
10,732,779,0
12,405,830,0
162,453,763,0
-29,660,954,0
56,466,898,0
59,509,930,0
-17,587,941,0
188,448,842,0
41,518,1041,0
177,380,959,0
275,372,886,0
-195,45,655,0
118,27,1005,0
-47,157,1024,0
149,54,827,0
-39,430,1122,0
146,47,1069,0
220,280,1061,0
79,309,967,0
263,86,860,0
531,-340,889,0
562,-487,908,0
673,-4,640,0
483,326,494,0
432,459,573,0
605,346,385,0
1009,377,394,0
1171,790,706,0
1311,450,381,0
948,431,415,0
1002,527,717,0
833,418,690,0
866,74,568,0
908,63,605,0
1071,254,751,0
1022,301,721,0
1039,282,511,0
1308,178,358,0
1441,197,211,0
1573,236,27,0
1424,247,-62,0
1193,231,-178,0
1152,177,-235,0
1109,246,-194,0
901,315,-185,0
714,280,-175,0
564,245,-67,0
692,474,33,0
786,533,65,0
765,447,52,0
840,311,67,0
914,200,121,0
998,127,164,0
1126,119,188,0
1225,165,184,0
1232,233,260,0
877,280,344,0
956,305,256,0
1004,298,231,0
849,188,284,0
695,97,271,0
630,134,272,0
639,237,290,0
700,285,290,0
805,270,318,0
847,251,313,0
927,251,282,0
1068,225,253,0
1132,215,257,0
1148,249,278,0
1166,324,335,0
1160,404,375,0
1148,365,290,0
1272,223,170,0
1103,150,132,0
939,125,101,0
806,131,93,0
761,203,97,0
772,239,68,0
800,235,46,0
800,219,59,0
809,274,91,0
901,285,105,0
1016,275,167,0
1042,235,259,0
1095,149,246,0
1136,109,249,0
940,87,342,0
760,155,351,0
937,218,318,0
1048,224,386,0
835,120,339,0
693,96,337,0
691,191,389,0
692,266,399,0
733,221,401,0
791,187,412,0
848,200,378,0
1032,238,366,0
1165,238,359,0
1265,286,332,0
1368,337,388,0
1203,358,369,0
1174,299,208,0
1208,208,137,0
1109,148,131,0
949,137,105,0
816,124,72,0
735,179,49,0
736,236,41,0
732,250,62,0
703,208,90,0
757,221,125,0
900,234,173,0
951,223,265,0
1062,171,267,0
1288,119,265,0
1171,86,342,0
915,90,320,0
1120,130,198,0
1156,245,165,0
874,290,217,0
698,300,324,0
685,371,388,0
709,373,354,0
805,288,330,0
868,186,370,0
961,186,368,0
1112,292,355,0
1215,365,401,0
1319,376,385,0
1257,361,378,0
1105,287,308,0
1221,261,204,0
1155,211,191,0
965,177,164,0
837,156,107,0
764,162,95,0
760,204,81,0
793,200,47,0
791,147,33,0
809,157,42,0
831,210,79,0
930,243,138,0
1020,237,176,0
1152,230,251,0
1004,194,354,0
1101,158,296,0
1227,160,310,0
1021,147,371,0
800,134,379,0
736,135,398,0
697,178,391,0
678,231,417,0
776,261,442,0
860,275,448,0
1093,286,432,0
1142,274,385,0
1272,298,352,0
1345,330,425,0
1167,343,395,0
1139,311,281,0
1173,265,228,0
1110,198,146,0
984,149,105,0
842,111,97,0
747,141,83,0
728,202,62,0
719,218,61,0
705,166,60,0
742,161,66,0
861,209,116,0
977,241,159,0
1144,232,186,0
1233,205,287,0
1049,160,319,0
1227,121,231,0
1204,167,275,0
965,202,382,0
816,167,410,0
771,192,380,0
723,254,391,0
782,237,395,0
815,241,375,0
897,284,357,0
1021,332,343,0
1124,369,322,0
1284,378,329,0
1320,383,405,0
1107,330,358,0
1086,304,250,0
1212,258,184,0
1154,139,142,0
1028,83,120,0
877,93,96,0
783,135,58,0
744,191,36,0
694,198,48,0
665,167,60,0
714,192,65,0
833,233,103,0
941,226,153,0
